surrogate_key,mobility_id,Metro_area,Subregion_1,Subregion_2,Date,Province,Retail_and_recreation,Grocery_and_pharmacy,Parks,Transit_stations,Workplaces,Residential
0,47589,,Ontario,Ottawa,2020-09-01,ON,-18.0,-4.0,47.0,-59.0,-57.0,16.0
1,47590,,Ontario,Ottawa,2020-09-02,ON,-22.0,-6.0,8.0,-62.0,-57.0,17.0
2,47591,,Ontario,Ottawa,2020-09-03,ON,-13.0,2.0,77.0,-56.0,-56.0,15.0
3,47592,,Ontario,Ottawa,2020-09-04,ON,-22.0,-5.0,61.0,-54.0,-53.0,14.0
4,47593,,Ontario,Ottawa,2020-09-05,ON,-18.0,-5.0,,-40.0,-4.0,1.0
5,47594,,Ontario,Ottawa,2020-09-06,ON,-3.0,9.0,,-39.0,4.0,-2.0
6,47595,,Ontario,Ottawa,2020-09-07,ON,-57.0,-55.0,29.0,-77.0,-84.0,21.0
7,47596,,Ontario,Ottawa,2020-09-08,ON,-17.0,6.0,13.0,-58.0,-58.0,16.0
8,47597,,Ontario,Ottawa,2020-09-09,ON,-24.0,-7.0,2.0,-61.0,-57.0,18.0
9,47598,,Ontario,Ottawa,2020-09-10,ON,-18.0,-1.0,21.0,-58.0,-56.0,17.0
10,47599,,Ontario,Ottawa,2020-09-11,ON,-24.0,-9.0,78.0,-53.0,-52.0,15.0
11,47600,,Ontario,Ottawa,2020-09-12,ON,-15.0,-3.0,175.0,-36.0,0.0,2.0
12,47601,,Ontario,Ottawa,2020-09-13,ON,-17.0,-3.0,37.0,-46.0,-2.0,4.0
13,47602,,Ontario,Ottawa,2020-09-14,ON,-19.0,-6.0,57.0,-59.0,-55.0,16.0
14,47603,,Ontario,Ottawa,2020-09-15,ON,-21.0,-8.0,24.0,-59.0,-53.0,17.0
15,47604,,Ontario,Ottawa,2020-09-16,ON,-22.0,-9.0,58.0,-59.0,-54.0,16.0
16,47605,,Ontario,Ottawa,2020-09-17,ON,-19.0,-4.0,42.0,-58.0,-54.0,17.0
17,47606,,Ontario,Ottawa,2020-09-18,ON,-26.0,-11.0,42.0,-56.0,-50.0,16.0
18,47607,,Ontario,Ottawa,2020-09-19,ON,-18.0,-4.0,113.0,-42.0,-1.0,3.0
19,47608,,Ontario,Ottawa,2020-09-20,ON,-13.0,1.0,131.0,-46.0,3.0,1.0
20,47609,,Ontario,Ottawa,2020-09-21,ON,-22.0,-8.0,51.0,-61.0,-57.0,16.0
21,47610,,Ontario,Ottawa,2020-09-22,ON,-25.0,-8.0,32.0,-60.0,-54.0,17.0
22,47611,,Ontario,Ottawa,2020-09-23,ON,-26.0,-9.0,41.0,-62.0,-53.0,17.0
23,47612,,Ontario,Ottawa,2020-09-24,ON,-25.0,-7.0,9.0,-62.0,-53.0,18.0
24,47613,,Ontario,Ottawa,2020-09-25,ON,-29.0,-10.0,39.0,-58.0,-49.0,16.0
25,47614,,Ontario,Ottawa,2020-09-26,ON,-21.0,-6.0,131.0,-46.0,0.0,3.0
26,47615,,Ontario,Ottawa,2020-09-27,ON,-17.0,-1.0,117.0,-47.0,4.0,1.0
27,47616,,Ontario,Ottawa,2020-09-28,ON,-25.0,-8.0,47.0,-63.0,-55.0,17.0
28,47617,,Ontario,Ottawa,2020-09-29,ON,-28.0,-9.0,-6.0,-64.0,-54.0,18.0
29,47618,,Ontario,Ottawa,2020-09-30,ON,-27.0,-6.0,-14.0,-65.0,-54.0,19.0
30,47619,,Ontario,Ottawa,2020-10-01,ON,-23.0,-2.0,9.0,-61.0,-52.0,18.0
31,47620,,Ontario,Ottawa,2020-10-02,ON,-33.0,-12.0,-8.0,-62.0,-49.0,19.0
32,47621,,Ontario,Ottawa,2020-10-03,ON,-22.0,-3.0,78.0,-47.0,-3.0,5.0
33,47622,,Ontario,Ottawa,2020-10-04,ON,-20.0,0.0,50.0,-53.0,-1.0,4.0
34,47623,,Ontario,Ottawa,2020-10-05,ON,-27.0,-7.0,6.0,-65.0,-56.0,18.0
35,47624,,Ontario,Ottawa,2020-10-06,ON,-28.0,-6.0,-4.0,-64.0,-53.0,18.0
36,47625,,Ontario,Ottawa,2020-10-07,ON,-32.0,-9.0,-26.0,-68.0,-53.0,19.0
37,47626,,Ontario,Ottawa,2020-10-08,ON,-24.0,3.0,5.0,-61.0,-52.0,18.0
38,47627,,Ontario,Ottawa,2020-10-09,ON,-29.0,0.0,19.0,-57.0,-50.0,17.0
39,47628,,Ontario,Ottawa,2020-10-10,ON,-29.0,1.0,89.0,-49.0,-4.0,6.0
40,47629,,Ontario,Ottawa,2020-10-11,ON,-27.0,4.0,96.0,-51.0,0.0,3.0
41,47630,,Ontario,Ottawa,2020-10-12,ON,-70.0,-62.0,42.0,-81.0,-84.0,24.0
42,47631,,Ontario,Ottawa,2020-10-13,ON,-34.0,-7.0,-28.0,-65.0,-55.0,20.0
43,47632,,Ontario,Ottawa,2020-10-14,ON,-31.0,-6.0,23.0,-63.0,-53.0,19.0
44,47633,,Ontario,Ottawa,2020-10-15,ON,-33.0,-9.0,-25.0,-64.0,-54.0,21.0
45,47634,,Ontario,Ottawa,2020-10-16,ON,-35.0,-8.0,-3.0,-61.0,-50.0,20.0
46,47635,,Ontario,Ottawa,2020-10-17,ON,-25.0,-2.0,107.0,-46.0,-7.0,6.0
47,47636,,Ontario,Ottawa,2020-10-18,ON,-25.0,-1.0,55.0,-52.0,-6.0,6.0
48,47637,,Ontario,Ottawa,2020-10-19,ON,-34.0,-12.0,-19.0,-66.0,-57.0,20.0
49,47638,,Ontario,Ottawa,2020-10-20,ON,-31.0,-7.0,0.0,-63.0,-54.0,19.0
50,47639,,Ontario,Ottawa,2020-10-21,ON,-36.0,-13.0,-25.0,-67.0,-54.0,21.0
51,47640,,Ontario,Ottawa,2020-10-22,ON,-30.0,-4.0,0.0,-61.0,-53.0,19.0
52,47641,,Ontario,Ottawa,2020-10-23,ON,-30.0,-8.0,76.0,-56.0,-48.0,17.0
53,47642,,Ontario,Ottawa,2020-10-24,ON,-27.0,-1.0,38.0,-49.0,-8.0,7.0
54,47643,,Ontario,Ottawa,2020-10-25,ON,-23.0,1.0,60.0,-51.0,-4.0,5.0
55,47644,,Ontario,Ottawa,2020-10-26,ON,-35.0,-13.0,-31.0,-66.0,-56.0,20.0
56,47645,,Ontario,Ottawa,2020-10-27,ON,-31.0,-5.0,-15.0,-63.0,-53.0,19.0
57,47646,,Ontario,Ottawa,2020-10-28,ON,-31.0,-6.0,-9.0,-63.0,-52.0,19.0
58,47647,,Ontario,Ottawa,2020-10-29,ON,-28.0,-2.0,-21.0,-63.0,-52.0,19.0
59,47648,,Ontario,Ottawa,2020-10-30,ON,-32.0,-3.0,-2.0,-59.0,-48.0,19.0
60,47649,,Ontario,Ottawa,2020-10-31,ON,-26.0,3.0,51.0,-47.0,-6.0,6.0
61,47650,,Ontario,Ottawa,2020-11-01,ON,-29.0,-3.0,-21.0,-56.0,-9.0,6.0
62,47651,,Ontario,Ottawa,2020-11-02,ON,-35.0,-12.0,-29.0,-67.0,-55.0,19.0
63,47652,,Ontario,Ottawa,2020-11-03,ON,-36.0,-15.0,-36.0,-66.0,-53.0,20.0
64,47653,,Ontario,Ottawa,2020-11-04,ON,-35.0,-12.0,-14.0,-67.0,-52.0,20.0
65,47654,,Ontario,Ottawa,2020-11-05,ON,-29.0,-7.0,10.0,-62.0,-51.0,19.0
66,47655,,Ontario,Ottawa,2020-11-06,ON,-33.0,-11.0,21.0,-59.0,-48.0,19.0
67,47656,,Ontario,Ottawa,2020-11-07,ON,-20.0,-3.0,114.0,-47.0,-2.0,5.0
68,47657,,Ontario,Ottawa,2020-11-08,ON,-15.0,1.0,143.0,-49.0,2.0,3.0
69,47658,,Ontario,Ottawa,2020-11-09,ON,-27.0,-8.0,34.0,-64.0,-53.0,18.0
70,47659,,Ontario,Ottawa,2020-11-10,ON,-25.0,-6.0,20.0,-60.0,-50.0,18.0
71,47660,,Ontario,Ottawa,2020-11-11,ON,-26.0,-9.0,-2.0,-65.0,-56.0,20.0
72,47661,,Ontario,Ottawa,2020-11-12,ON,-26.0,-3.0,-14.0,-62.0,-50.0,19.0
73,47662,,Ontario,Ottawa,2020-11-13,ON,-30.0,-10.0,-12.0,-60.0,-48.0,20.0
74,47663,,Ontario,Ottawa,2020-11-14,ON,-20.0,-1.0,37.0,-48.0,-4.0,6.0
75,47664,,Ontario,Ottawa,2020-11-15,ON,-26.0,-8.0,-30.0,-56.0,-6.0,7.0
76,47665,,Ontario,Ottawa,2020-11-16,ON,-31.0,-12.0,-24.0,-66.0,-54.0,19.0
77,47666,,Ontario,Ottawa,2020-11-17,ON,-31.0,-12.0,-31.0,-65.0,-50.0,20.0
78,47667,,Ontario,Ottawa,2020-11-18,ON,-32.0,-12.0,-30.0,-67.0,-51.0,20.0
79,47668,,Ontario,Ottawa,2020-11-19,ON,-27.0,-6.0,-18.0,-64.0,-50.0,19.0
80,47669,,Ontario,Ottawa,2020-11-20,ON,-29.0,-8.0,9.0,-61.0,-47.0,19.0
81,47670,,Ontario,Ottawa,2020-11-21,ON,-19.0,1.0,24.0,-53.0,-3.0,7.0
82,47671,,Ontario,Ottawa,2020-11-22,ON,-22.0,-1.0,-9.0,-57.0,-4.0,7.0
83,47672,,Ontario,Ottawa,2020-11-23,ON,-33.0,-18.0,-26.0,-66.0,-54.0,20.0
84,47673,,Ontario,Ottawa,2020-11-24,ON,-29.0,-10.0,-33.0,-66.0,-50.0,19.0
85,47674,,Ontario,Ottawa,2020-11-25,ON,-39.0,-22.0,-36.0,-68.0,-52.0,21.0
86,47675,,Ontario,Ottawa,2020-11-26,ON,-25.0,-5.0,-37.0,-65.0,-50.0,20.0
87,47676,,Ontario,Ottawa,2020-11-27,ON,-25.0,-5.0,-21.0,-59.0,-46.0,19.0
88,47677,,Ontario,Ottawa,2020-11-28,ON,-16.0,4.0,7.0,-48.0,-1.0,7.0
89,47678,,Ontario,Ottawa,2020-11-29,ON,-14.0,6.0,40.0,-51.0,1.0,5.0
90,47679,,Ontario,Ottawa,2020-11-30,ON,-28.0,-11.0,-38.0,-67.0,-53.0,19.0
91,47680,,Ontario,Ottawa,2020-12-01,ON,-28.0,-4.0,-39.0,-66.0,-50.0,19.0
92,47681,,Ontario,Ottawa,2020-12-02,ON,-31.0,-8.0,-31.0,-68.0,-50.0,20.0
93,47682,,Ontario,Ottawa,2020-12-03,ON,-26.0,-2.0,-29.0,-64.0,-49.0,19.0
94,47683,,Ontario,Ottawa,2020-12-04,ON,-32.0,-9.0,-28.0,-63.0,-46.0,20.0
95,47684,,Ontario,Ottawa,2020-12-05,ON,-20.0,2.0,-6.0,-53.0,-3.0,7.0
96,47685,,Ontario,Ottawa,2020-12-06,ON,-19.0,3.0,10.0,-57.0,0.0,6.0
97,47686,,Ontario,Ottawa,2020-12-07,ON,-28.0,-7.0,-21.0,-67.0,-53.0,19.0
98,47687,,Ontario,Ottawa,2020-12-08,ON,-29.0,-8.0,-31.0,-67.0,-49.0,19.0
99,47688,,Ontario,Ottawa,2020-12-09,ON,-34.0,-11.0,-28.0,-68.0,-50.0,20.0
100,47689,,Ontario,Ottawa,2020-12-10,ON,-25.0,0.0,-29.0,-64.0,-49.0,19.0
101,47690,,Ontario,Ottawa,2020-12-11,ON,-27.0,-1.0,-14.0,-62.0,-45.0,19.0
102,47691,,Ontario,Ottawa,2020-12-12,ON,-27.0,-3.0,-25.0,-55.0,-6.0,9.0
103,47692,,Ontario,Ottawa,2020-12-13,ON,-20.0,2.0,-9.0,-58.0,-1.0,6.0
104,47693,,Ontario,Ottawa,2020-12-14,ON,-27.0,-4.0,-26.0,-68.0,-53.0,19.0
105,47694,,Ontario,Ottawa,2020-12-15,ON,-28.0,-6.0,-43.0,-67.0,-50.0,19.0
106,47695,,Ontario,Ottawa,2020-12-16,ON,-30.0,-8.0,-45.0,-69.0,-50.0,20.0
107,47696,,Ontario,Ottawa,2020-12-17,ON,-22.0,4.0,-36.0,-65.0,-49.0,19.0
108,47697,,Ontario,Ottawa,2020-12-18,ON,-28.0,-3.0,-24.0,-62.0,-45.0,19.0
109,47698,,Ontario,Ottawa,2020-12-19,ON,-20.0,5.0,-2.0,-50.0,-2.0,7.0
110,47699,,Ontario,Ottawa,2020-12-20,ON,-21.0,2.0,5.0,-55.0,2.0,6.0
111,47700,,Ontario,Ottawa,2020-12-21,ON,-8.0,25.0,-14.0,-65.0,-59.0,18.0
112,47701,,Ontario,Ottawa,2020-12-22,ON,-9.0,30.0,-33.0,-65.0,-57.0,18.0
113,47702,,Ontario,Ottawa,2020-12-23,ON,-9.0,40.0,-31.0,-66.0,-57.0,18.0
114,47703,,Ontario,Ottawa,2020-12-24,ON,-26.0,28.0,-47.0,-70.0,-67.0,20.0
115,47704,,Ontario,Ottawa,2020-12-25,ON,-88.0,-83.0,-49.0,-87.0,-85.0,28.0
116,47705,,Ontario,Ottawa,2020-12-26,ON,-68.0,-50.0,-23.0,-74.0,-37.0,13.0
117,47706,,Ontario,Ottawa,2020-12-27,ON,-53.0,-26.0,15.0,-69.0,-19.0,9.0
118,47707,,Ontario,Ottawa,2020-12-28,ON,-53.0,-23.0,-28.0,-81.0,-78.0,27.0
119,47708,,Ontario,Ottawa,2020-12-29,ON,-47.0,-10.0,-30.0,-77.0,-69.0,25.0
120,47709,,Ontario,Ottawa,2020-12-30,ON,-46.0,-3.0,-26.0,-77.0,-69.0,26.0
121,47710,,Ontario,Ottawa,2020-12-31,ON,-38.0,14.0,-16.0,-76.0,-71.0,25.0
122,50314,,Ontario,Durham,2020-09-01,ON,-4.0,5.0,,-44.0,-44.0,11.0
123,50315,,Ontario,Durham,2020-09-02,ON,-5.0,4.0,,-52.0,-42.0,12.0
124,50316,,Ontario,Durham,2020-09-03,ON,-4.0,6.0,,-48.0,-43.0,10.0
125,50317,,Ontario,Durham,2020-09-04,ON,-8.0,3.0,,-42.0,-43.0,9.0
126,50318,,Ontario,Durham,2020-09-05,ON,-14.0,0.0,,-14.0,-7.0,0.0
127,50319,,Ontario,Durham,2020-09-06,ON,-1.0,1.0,,-13.0,-6.0,-2.0
128,50320,,Ontario,Durham,2020-09-07,ON,-45.0,-44.0,,-63.0,-81.0,20.0
129,50321,,Ontario,Durham,2020-09-08,ON,-2.0,15.0,,-48.0,-45.0,12.0
130,50322,,Ontario,Durham,2020-09-09,ON,-6.0,2.0,,-52.0,-41.0,12.0
131,50323,,Ontario,Durham,2020-09-10,ON,-7.0,7.0,,-50.0,-42.0,12.0
132,50324,,Ontario,Durham,2020-09-11,ON,-11.0,-1.0,56.0,-45.0,-39.0,10.0
133,50325,,Ontario,Durham,2020-09-12,ON,-9.0,3.0,144.0,-14.0,-1.0,2.0
134,50326,,Ontario,Durham,2020-09-13,ON,-7.0,1.0,62.0,-18.0,-5.0,3.0
135,50327,,Ontario,Durham,2020-09-14,ON,-7.0,2.0,67.0,-52.0,-39.0,11.0
136,50328,,Ontario,Durham,2020-09-15,ON,-6.0,2.0,54.0,-51.0,-40.0,12.0
137,50329,,Ontario,Durham,2020-09-16,ON,-8.0,-3.0,58.0,-51.0,-38.0,11.0
138,50330,,Ontario,Durham,2020-09-17,ON,-10.0,1.0,62.0,-49.0,-39.0,11.0
139,50331,,Ontario,Durham,2020-09-18,ON,-12.0,-4.0,38.0,-42.0,-37.0,10.0
140,50332,,Ontario,Durham,2020-09-19,ON,-10.0,1.0,110.0,-16.0,-2.0,3.0
141,50333,,Ontario,Durham,2020-09-20,ON,-5.0,0.0,101.0,-14.0,-3.0,2.0
142,50334,,Ontario,Durham,2020-09-21,ON,-11.0,-2.0,55.0,-52.0,-40.0,12.0
143,50335,,Ontario,Durham,2020-09-22,ON,-11.0,1.0,45.0,-51.0,-40.0,12.0
144,50336,,Ontario,Durham,2020-09-23,ON,-10.0,1.0,49.0,-53.0,-36.0,12.0
145,50337,,Ontario,Durham,2020-09-24,ON,-13.0,1.0,42.0,-52.0,-37.0,12.0
146,50338,,Ontario,Durham,2020-09-25,ON,-15.0,-3.0,44.0,-47.0,-35.0,11.0
147,50339,,Ontario,Durham,2020-09-26,ON,-11.0,2.0,131.0,-22.0,1.0,2.0
148,50340,,Ontario,Durham,2020-09-27,ON,-6.0,-2.0,105.0,-20.0,-1.0,2.0
149,50341,,Ontario,Durham,2020-09-28,ON,-13.0,0.0,52.0,-53.0,-37.0,12.0
150,50342,,Ontario,Durham,2020-09-29,ON,-12.0,3.0,24.0,-51.0,-39.0,12.0
151,50343,,Ontario,Durham,2020-09-30,ON,-13.0,-1.0,-9.0,-53.0,-37.0,13.0
152,50344,,Ontario,Durham,2020-10-01,ON,-12.0,7.0,24.0,-52.0,-36.0,12.0
153,50345,,Ontario,Durham,2020-10-02,ON,-17.0,-1.0,12.0,-50.0,-34.0,12.0
154,50346,,Ontario,Durham,2020-10-03,ON,-13.0,2.0,94.0,-25.0,-2.0,4.0
155,50347,,Ontario,Durham,2020-10-04,ON,-14.0,-2.0,-4.0,-28.0,-7.0,5.0
156,50348,,Ontario,Durham,2020-10-05,ON,-14.0,1.0,36.0,-55.0,-37.0,12.0
157,50349,,Ontario,Durham,2020-10-06,ON,-13.0,4.0,23.0,-54.0,-39.0,12.0
158,50350,,Ontario,Durham,2020-10-07,ON,-14.0,3.0,-5.0,-58.0,-36.0,13.0
159,50351,,Ontario,Durham,2020-10-08,ON,-11.0,13.0,20.0,-54.0,-36.0,12.0
160,50352,,Ontario,Durham,2020-10-09,ON,-13.0,11.0,33.0,-47.0,-35.0,11.0
161,50353,,Ontario,Durham,2020-10-10,ON,-16.0,9.0,94.0,-28.0,-3.0,4.0
162,50354,,Ontario,Durham,2020-10-11,ON,-14.0,5.0,74.0,-31.0,-6.0,3.0
163,50355,,Ontario,Durham,2020-10-12,ON,-58.0,-52.0,61.0,-75.0,-81.0,23.0
164,50356,,Ontario,Durham,2020-10-13,ON,-13.0,5.0,35.0,-53.0,-39.0,12.0
165,50357,,Ontario,Durham,2020-10-14,ON,-13.0,1.0,32.0,-57.0,-35.0,13.0
166,50358,,Ontario,Durham,2020-10-15,ON,-18.0,-2.0,-29.0,-58.0,-37.0,15.0
167,50359,,Ontario,Durham,2020-10-16,ON,-15.0,0.0,17.0,-51.0,-33.0,12.0
168,50360,,Ontario,Durham,2020-10-17,ON,-11.0,4.0,101.0,-26.0,0.0,5.0
169,50361,,Ontario,Durham,2020-10-18,ON,-13.0,-3.0,31.0,-31.0,-6.0,5.0
170,50362,,Ontario,Durham,2020-10-19,ON,-18.0,-4.0,-14.0,-59.0,-37.0,14.0
171,50363,,Ontario,Durham,2020-10-20,ON,-12.0,2.0,16.0,-55.0,-38.0,13.0
172,50364,,Ontario,Durham,2020-10-21,ON,-13.0,0.0,-2.0,-59.0,-35.0,14.0
173,50365,,Ontario,Durham,2020-10-22,ON,-14.0,4.0,5.0,-56.0,-35.0,14.0
174,50366,,Ontario,Durham,2020-10-23,ON,-14.0,-3.0,49.0,-51.0,-32.0,12.0
175,50367,,Ontario,Durham,2020-10-24,ON,-11.0,4.0,53.0,-31.0,-1.0,5.0
176,50368,,Ontario,Durham,2020-10-25,ON,-8.0,-1.0,31.0,-30.0,-4.0,5.0
177,50369,,Ontario,Durham,2020-10-26,ON,-14.0,0.0,-1.0,-59.0,-37.0,13.0
178,50370,,Ontario,Durham,2020-10-27,ON,-16.0,-2.0,-23.0,-58.0,-37.0,14.0
179,50371,,Ontario,Durham,2020-10-28,ON,-9.0,4.0,11.0,-57.0,-33.0,13.0
180,50372,,Ontario,Durham,2020-10-29,ON,-12.0,5.0,-9.0,-55.0,-34.0,13.0
181,50373,,Ontario,Durham,2020-10-30,ON,-12.0,3.0,-11.0,-51.0,-32.0,13.0
182,50374,,Ontario,Durham,2020-10-31,ON,-10.0,11.0,45.0,-27.0,0.0,5.0
183,50375,,Ontario,Durham,2020-11-01,ON,-16.0,-5.0,-31.0,-34.0,-8.0,6.0
184,50376,,Ontario,Durham,2020-11-02,ON,-16.0,-3.0,-19.0,-59.0,-36.0,14.0
185,50377,,Ontario,Durham,2020-11-03,ON,-15.0,-1.0,-15.0,-56.0,-37.0,14.0
186,50378,,Ontario,Durham,2020-11-04,ON,-14.0,-3.0,16.0,-56.0,-33.0,13.0
187,50379,,Ontario,Durham,2020-11-05,ON,-14.0,1.0,18.0,-55.0,-34.0,13.0
188,50380,,Ontario,Durham,2020-11-06,ON,-15.0,-4.0,19.0,-54.0,-31.0,13.0
189,50381,,Ontario,Durham,2020-11-07,ON,-9.0,2.0,114.0,-30.0,0.0,5.0
190,50382,,Ontario,Durham,2020-11-08,ON,-5.0,-1.0,104.0,-31.0,-3.0,4.0
191,50383,,Ontario,Durham,2020-11-09,ON,-13.0,-1.0,35.0,-61.0,-34.0,13.0
192,50384,,Ontario,Durham,2020-11-10,ON,-10.0,0.0,36.0,-57.0,-36.0,12.0
193,50385,,Ontario,Durham,2020-11-11,ON,-8.0,2.0,17.0,-57.0,-36.0,14.0
194,50386,,Ontario,Durham,2020-11-12,ON,-11.0,3.0,10.0,-58.0,-34.0,13.0
195,50387,,Ontario,Durham,2020-11-13,ON,-14.0,-3.0,-14.0,-54.0,-35.0,14.0
196,50388,,Ontario,Durham,2020-11-14,ON,-11.0,6.0,50.0,-30.0,-1.0,6.0
197,50389,,Ontario,Durham,2020-11-15,ON,-18.0,-11.0,-38.0,-40.0,-10.0,7.0
198,50390,,Ontario,Durham,2020-11-16,ON,-15.0,-4.0,-20.0,-62.0,-36.0,14.0
199,50391,,Ontario,Durham,2020-11-17,ON,-15.0,-6.0,-20.0,-59.0,-37.0,14.0
200,50392,,Ontario,Durham,2020-11-18,ON,-12.0,-1.0,-22.0,-61.0,-34.0,14.0
201,50393,,Ontario,Durham,2020-11-19,ON,-12.0,3.0,-5.0,-59.0,-34.0,14.0
202,50394,,Ontario,Durham,2020-11-20,ON,-12.0,1.0,12.0,-53.0,-33.0,14.0
203,50395,,Ontario,Durham,2020-11-21,ON,-8.0,11.0,13.0,-31.0,-1.0,6.0
204,50396,,Ontario,Durham,2020-11-22,ON,-21.0,-12.0,-38.0,-40.0,-9.0,8.0
205,50397,,Ontario,Durham,2020-11-23,ON,-16.0,-2.0,-19.0,-61.0,-36.0,15.0
206,50398,,Ontario,Durham,2020-11-24,ON,-14.0,0.0,-23.0,-60.0,-37.0,15.0
207,50399,,Ontario,Durham,2020-11-25,ON,-14.0,-3.0,-31.0,-61.0,-35.0,15.0
208,50400,,Ontario,Durham,2020-11-26,ON,-10.0,7.0,-15.0,-57.0,-36.0,15.0
209,50401,,Ontario,Durham,2020-11-27,ON,-14.0,1.0,-15.0,-51.0,-35.0,15.0
210,50402,,Ontario,Durham,2020-11-28,ON,-9.0,9.0,41.0,-28.0,-2.0,7.0
211,50403,,Ontario,Durham,2020-11-29,ON,-7.0,2.0,34.0,-34.0,-6.0,6.0
212,50404,,Ontario,Durham,2020-11-30,ON,-16.0,-4.0,-39.0,-63.0,-37.0,16.0
213,50405,,Ontario,Durham,2020-12-01,ON,-18.0,-1.0,-36.0,-63.0,-39.0,16.0
214,50406,,Ontario,Durham,2020-12-02,ON,-13.0,3.0,-20.0,-62.0,-34.0,15.0
215,50407,,Ontario,Durham,2020-12-03,ON,-13.0,6.0,-14.0,-60.0,-35.0,15.0
216,50408,,Ontario,Durham,2020-12-04,ON,-22.0,-5.0,-37.0,-59.0,-34.0,17.0
217,50409,,Ontario,Durham,2020-12-05,ON,-12.0,9.0,6.0,-34.0,-5.0,8.0
218,50410,,Ontario,Durham,2020-12-06,ON,-11.0,2.0,5.0,-40.0,-7.0,7.0
219,50411,,Ontario,Durham,2020-12-07,ON,-14.0,0.0,-19.0,-63.0,-36.0,15.0
220,50412,,Ontario,Durham,2020-12-08,ON,-14.0,2.0,-20.0,-60.0,-36.0,15.0
221,50413,,Ontario,Durham,2020-12-09,ON,-19.0,-5.0,-33.0,-63.0,-36.0,16.0
222,50414,,Ontario,Durham,2020-12-10,ON,-11.0,10.0,-17.0,-60.0,-35.0,15.0
223,50415,,Ontario,Durham,2020-12-11,ON,-14.0,3.0,-9.0,-54.0,-33.0,15.0
224,50416,,Ontario,Durham,2020-12-12,ON,-15.0,7.0,-15.0,-32.0,-5.0,9.0
225,50417,,Ontario,Durham,2020-12-13,ON,-9.0,5.0,-2.0,-35.0,-8.0,7.0
226,50418,,Ontario,Durham,2020-12-14,ON,-10.0,9.0,-19.0,-61.0,-37.0,15.0
227,50419,,Ontario,Durham,2020-12-15,ON,-7.0,9.0,-24.0,-59.0,-37.0,15.0
228,50420,,Ontario,Durham,2020-12-16,ON,-9.0,5.0,-37.0,-61.0,-35.0,16.0
229,50421,,Ontario,Durham,2020-12-17,ON,-6.0,20.0,-20.0,-56.0,-35.0,15.0
230,50422,,Ontario,Durham,2020-12-18,ON,-11.0,11.0,-17.0,-53.0,-34.0,15.0
231,50423,,Ontario,Durham,2020-12-19,ON,-10.0,15.0,7.0,-26.0,-3.0,8.0
232,50424,,Ontario,Durham,2020-12-20,ON,-6.0,9.0,-13.0,-31.0,-6.0,7.0
233,50425,,Ontario,Durham,2020-12-21,ON,7.0,37.0,-4.0,-55.0,-44.0,15.0
234,50426,,Ontario,Durham,2020-12-22,ON,11.0,44.0,-7.0,-53.0,-47.0,15.0
235,50427,,Ontario,Durham,2020-12-23,ON,18.0,60.0,-5.0,-53.0,-46.0,15.0
236,50428,,Ontario,Durham,2020-12-24,ON,-7.0,51.0,-29.0,-62.0,-63.0,20.0
237,50429,,Ontario,Durham,2020-12-25,ON,-88.0,-79.0,-44.0,-88.0,-86.0,29.0
238,50430,,Ontario,Durham,2020-12-26,ON,-63.0,-48.0,-13.0,-67.0,-43.0,14.0
239,50431,,Ontario,Durham,2020-12-27,ON,-46.0,-29.0,-5.0,-60.0,-26.0,11.0
240,50432,,Ontario,Durham,2020-12-28,ON,-39.0,-14.0,-21.0,-78.0,-73.0,27.0
241,50433,,Ontario,Durham,2020-12-29,ON,-31.0,-3.0,-2.0,-73.0,-61.0,23.0
242,50434,,Ontario,Durham,2020-12-30,ON,-30.0,5.0,-40.0,-74.0,-59.0,24.0
243,50435,,Ontario,Durham,2020-12-31,ON,-23.0,26.0,0.0,-73.0,-64.0,23.0
244,50699,,Ontario,Halton,2020-09-01,ON,-12.0,2.0,,-51.0,-49.0,14.0
245,50700,,Ontario,Halton,2020-09-02,ON,-11.0,0.0,,-56.0,-50.0,15.0
246,50701,,Ontario,Halton,2020-09-03,ON,-11.0,3.0,,-52.0,-49.0,13.0
247,50702,,Ontario,Halton,2020-09-04,ON,-13.0,3.0,,-49.0,-49.0,12.0
248,50703,,Ontario,Halton,2020-09-05,ON,-20.0,0.0,,-22.0,-7.0,2.0
249,50704,,Ontario,Halton,2020-09-06,ON,-7.0,2.0,,,-4.0,-1.0
250,50705,,Ontario,Halton,2020-09-07,ON,-51.0,-51.0,,-64.0,-85.0,22.0
251,50706,,Ontario,Halton,2020-09-08,ON,-13.0,12.0,,-55.0,-50.0,15.0
252,50707,,Ontario,Halton,2020-09-09,ON,-13.0,1.0,,-55.0,-49.0,15.0
253,50708,,Ontario,Halton,2020-09-10,ON,-13.0,1.0,,-50.0,-48.0,15.0
254,50709,,Ontario,Halton,2020-09-11,ON,-15.0,-1.0,137.0,-45.0,-45.0,13.0
255,50710,,Ontario,Halton,2020-09-12,ON,-13.0,1.0,254.0,-12.0,0.0,3.0
256,50711,,Ontario,Halton,2020-09-13,ON,-15.0,-4.0,129.0,-22.0,-5.0,3.0
257,50712,,Ontario,Halton,2020-09-14,ON,-15.0,0.0,146.0,-52.0,-45.0,15.0
258,50713,,Ontario,Halton,2020-09-15,ON,-16.0,-1.0,137.0,-53.0,-44.0,15.0
259,50714,,Ontario,Halton,2020-09-16,ON,-14.0,-5.0,141.0,-51.0,-46.0,15.0
260,50715,,Ontario,Halton,2020-09-17,ON,-14.0,-1.0,127.0,-52.0,-45.0,15.0
261,50716,,Ontario,Halton,2020-09-18,ON,-16.0,-2.0,109.0,-48.0,-42.0,13.0
262,50717,,Ontario,Halton,2020-09-19,ON,-15.0,2.0,217.0,-19.0,-1.0,4.0
263,50718,,Ontario,Halton,2020-09-20,ON,-13.0,-1.0,174.0,-17.0,-2.0,3.0
264,50719,,Ontario,Halton,2020-09-21,ON,-19.0,0.0,126.0,-57.0,-46.0,15.0
265,50720,,Ontario,Halton,2020-09-22,ON,-19.0,0.0,136.0,-56.0,-45.0,15.0
266,50721,,Ontario,Halton,2020-09-23,ON,-16.0,-2.0,137.0,-55.0,-45.0,15.0
267,50722,,Ontario,Halton,2020-09-24,ON,-18.0,1.0,114.0,-55.0,-44.0,16.0
268,50723,,Ontario,Halton,2020-09-25,ON,-19.0,1.0,134.0,-48.0,-41.0,13.0
269,50724,,Ontario,Halton,2020-09-26,ON,-16.0,5.0,275.0,-24.0,2.0,3.0
270,50725,,Ontario,Halton,2020-09-27,ON,-15.0,3.0,202.0,-21.0,0.0,2.0
271,50726,,Ontario,Halton,2020-09-28,ON,-21.0,2.0,117.0,-56.0,-44.0,15.0
272,50727,,Ontario,Halton,2020-09-29,ON,-20.0,4.0,98.0,-55.0,-43.0,15.0
273,50728,,Ontario,Halton,2020-09-30,ON,-19.0,0.0,44.0,-56.0,-45.0,17.0
274,50729,,Ontario,Halton,2020-10-01,ON,-18.0,4.0,76.0,-56.0,-42.0,16.0
275,50730,,Ontario,Halton,2020-10-02,ON,-22.0,-1.0,38.0,-55.0,-41.0,16.0
276,50731,,Ontario,Halton,2020-10-03,ON,-17.0,6.0,188.0,-27.0,-1.0,5.0
277,50732,,Ontario,Halton,2020-10-04,ON,-24.0,0.0,-6.0,-32.0,-8.0,6.0
278,50733,,Ontario,Halton,2020-10-05,ON,-21.0,4.0,113.0,-56.0,-43.0,15.0
279,50734,,Ontario,Halton,2020-10-06,ON,-21.0,4.0,116.0,-55.0,-43.0,15.0
280,50735,,Ontario,Halton,2020-10-07,ON,-19.0,4.0,63.0,-57.0,-44.0,17.0
281,50736,,Ontario,Halton,2020-10-08,ON,-18.0,9.0,86.0,-55.0,-42.0,16.0
282,50737,,Ontario,Halton,2020-10-09,ON,-18.0,13.0,123.0,-50.0,-41.0,14.0
283,50738,,Ontario,Halton,2020-10-10,ON,-21.0,12.0,215.0,-29.0,-4.0,5.0
284,50739,,Ontario,Halton,2020-10-11,ON,-22.0,9.0,126.0,-24.0,-6.0,3.0
285,50740,,Ontario,Halton,2020-10-12,ON,-59.0,-54.0,259.0,-78.0,-85.0,25.0
286,50741,,Ontario,Halton,2020-10-13,ON,-21.0,8.0,133.0,-55.0,-43.0,15.0
287,50742,,Ontario,Halton,2020-10-14,ON,-16.0,4.0,107.0,-55.0,-44.0,17.0
288,50743,,Ontario,Halton,2020-10-15,ON,-22.0,-2.0,-1.0,-58.0,-43.0,19.0
289,50744,,Ontario,Halton,2020-10-16,ON,-18.0,3.0,97.0,-51.0,-40.0,16.0
290,50745,,Ontario,Halton,2020-10-17,ON,-13.0,10.0,246.0,-23.0,-2.0,6.0
291,50746,,Ontario,Halton,2020-10-18,ON,-18.0,0.0,82.0,-28.0,-8.0,6.0
292,50747,,Ontario,Halton,2020-10-19,ON,-24.0,-1.0,12.0,-59.0,-43.0,18.0
293,50748,,Ontario,Halton,2020-10-20,ON,-21.0,2.0,86.0,-55.0,-42.0,16.0
294,50749,,Ontario,Halton,2020-10-21,ON,-19.0,0.0,53.0,-56.0,-44.0,18.0
295,50750,,Ontario,Halton,2020-10-22,ON,-19.0,1.0,39.0,-55.0,-42.0,18.0
296,50751,,Ontario,Halton,2020-10-23,ON,-18.0,-1.0,153.0,-50.0,-40.0,15.0
297,50752,,Ontario,Halton,2020-10-24,ON,-14.0,7.0,139.0,-26.0,-2.0,7.0
298,50753,,Ontario,Halton,2020-10-25,ON,-15.0,1.0,65.0,-25.0,-6.0,6.0
299,50754,,Ontario,Halton,2020-10-26,ON,-22.0,2.0,42.0,-55.0,-42.0,17.0
300,50755,,Ontario,Halton,2020-10-27,ON,-22.0,1.0,27.0,-56.0,-42.0,17.0
301,50756,,Ontario,Halton,2020-10-28,ON,-15.0,4.0,74.0,-56.0,-43.0,17.0
302,50757,,Ontario,Halton,2020-10-29,ON,-18.0,4.0,26.0,-56.0,-41.0,17.0
303,50758,,Ontario,Halton,2020-10-30,ON,-18.0,4.0,16.0,-54.0,-40.0,16.0
304,50759,,Ontario,Halton,2020-10-31,ON,-16.0,10.0,120.0,-24.0,-1.0,7.0
305,50760,,Ontario,Halton,2020-11-01,ON,-21.0,-2.0,-13.0,-32.0,-10.0,7.0
306,50761,,Ontario,Halton,2020-11-02,ON,-23.0,-1.0,18.0,-57.0,-42.0,17.0
307,50762,,Ontario,Halton,2020-11-03,ON,-23.0,-4.0,32.0,-57.0,-42.0,17.0
308,50763,,Ontario,Halton,2020-11-04,ON,-18.0,-6.0,91.0,-56.0,-42.0,17.0
309,50764,,Ontario,Halton,2020-11-05,ON,-18.0,-1.0,74.0,-55.0,-40.0,17.0
310,50765,,Ontario,Halton,2020-11-06,ON,-17.0,-2.0,108.0,-52.0,-38.0,16.0
311,50766,,Ontario,Halton,2020-11-07,ON,-12.0,1.0,255.0,-26.0,-1.0,5.0
312,50767,,Ontario,Halton,2020-11-08,ON,-11.0,1.0,209.0,-23.0,-4.0,4.0
313,50768,,Ontario,Halton,2020-11-09,ON,-20.0,0.0,119.0,-56.0,-41.0,16.0
314,50769,,Ontario,Halton,2020-11-10,ON,-18.0,2.0,145.0,-56.0,-41.0,16.0
315,50770,,Ontario,Halton,2020-11-11,ON,-13.0,3.0,77.0,-57.0,-44.0,17.0
316,50771,,Ontario,Halton,2020-11-12,ON,-18.0,3.0,56.0,-55.0,-41.0,17.0
317,50772,,Ontario,Halton,2020-11-13,ON,-17.0,0.0,32.0,-52.0,-40.0,17.0
318,50773,,Ontario,Halton,2020-11-14,ON,-16.0,8.0,117.0,-29.0,-2.0,8.0
319,50774,,Ontario,Halton,2020-11-15,ON,-25.0,-10.0,-41.0,-38.0,-13.0,8.0
320,50775,,Ontario,Halton,2020-11-16,ON,-26.0,-2.0,6.0,-60.0,-43.0,18.0
321,50776,,Ontario,Halton,2020-11-17,ON,-26.0,-3.0,6.0,-59.0,-43.0,18.0
322,50777,,Ontario,Halton,2020-11-18,ON,-22.0,-2.0,7.0,-58.0,-44.0,19.0
323,50778,,Ontario,Halton,2020-11-19,ON,-21.0,2.0,38.0,-57.0,-41.0,18.0
324,50779,,Ontario,Halton,2020-11-20,ON,-19.0,3.0,80.0,-50.0,-40.0,17.0
325,50780,,Ontario,Halton,2020-11-21,ON,-18.0,10.0,62.0,-28.0,-4.0,8.0
326,50781,,Ontario,Halton,2020-11-22,ON,-35.0,-14.0,-43.0,-37.0,-16.0,10.0
327,50782,,Ontario,Halton,2020-11-23,ON,-23.0,2.0,-2.0,-58.0,-44.0,19.0
328,50783,,Ontario,Halton,2020-11-24,ON,-21.0,2.0,3.0,-57.0,-43.0,18.0
329,50784,,Ontario,Halton,2020-11-25,ON,-19.0,0.0,-11.0,-56.0,-44.0,20.0
330,50785,,Ontario,Halton,2020-11-26,ON,-13.0,6.0,19.0,-53.0,-42.0,18.0
331,50786,,Ontario,Halton,2020-11-27,ON,-14.0,6.0,24.0,-49.0,-45.0,18.0
332,50787,,Ontario,Halton,2020-11-28,ON,-12.0,14.0,116.0,-19.0,-5.0,9.0
333,50788,,Ontario,Halton,2020-11-29,ON,-12.0,6.0,97.0,-20.0,-10.0,7.0
334,50789,,Ontario,Halton,2020-11-30,ON,-22.0,0.0,-32.0,-59.0,-45.0,19.0
335,50790,,Ontario,Halton,2020-12-01,ON,-31.0,-8.0,-1.0,-59.0,-46.0,20.0
336,50791,,Ontario,Halton,2020-12-02,ON,-18.0,3.0,8.0,-54.0,-44.0,19.0
337,50792,,Ontario,Halton,2020-12-03,ON,-16.0,6.0,17.0,-54.0,-41.0,19.0
338,50793,,Ontario,Halton,2020-12-04,ON,-20.0,2.0,1.0,-48.0,-40.0,19.0
339,50794,,Ontario,Halton,2020-12-05,ON,-14.0,13.0,70.0,-15.0,-5.0,9.0
340,50795,,Ontario,Halton,2020-12-06,ON,-15.0,6.0,41.0,-11.0,-12.0,8.0
341,50796,,Ontario,Halton,2020-12-07,ON,-20.0,4.0,16.0,-55.0,-43.0,18.0
342,50797,,Ontario,Halton,2020-12-08,ON,-21.0,3.0,25.0,-56.0,-42.0,18.0
343,50798,,Ontario,Halton,2020-12-09,ON,-18.0,2.0,1.0,-54.0,-43.0,19.0
344,50799,,Ontario,Halton,2020-12-10,ON,-15.0,8.0,39.0,-53.0,-42.0,18.0
345,50800,,Ontario,Halton,2020-12-11,ON,-15.0,9.0,60.0,-47.0,-41.0,18.0
346,50801,,Ontario,Halton,2020-12-12,ON,-19.0,8.0,0.0,-21.0,-8.0,11.0
347,50802,,Ontario,Halton,2020-12-13,ON,-12.0,10.0,40.0,-16.0,-11.0,8.0
348,50803,,Ontario,Halton,2020-12-14,ON,-17.0,9.0,15.0,-54.0,-44.0,18.0
349,50804,,Ontario,Halton,2020-12-15,ON,-16.0,12.0,14.0,-53.0,-43.0,18.0
350,50805,,Ontario,Halton,2020-12-16,ON,-15.0,6.0,-9.0,-56.0,-45.0,20.0
351,50806,,Ontario,Halton,2020-12-17,ON,-11.0,13.0,5.0,-51.0,-43.0,19.0
352,50807,,Ontario,Halton,2020-12-18,ON,-12.0,13.0,26.0,-47.0,-41.0,18.0
353,50808,,Ontario,Halton,2020-12-19,ON,-12.0,20.0,49.0,-15.0,-7.0,10.0
354,50809,,Ontario,Halton,2020-12-20,ON,-8.0,16.0,32.0,-8.0,-11.0,8.0
355,50810,,Ontario,Halton,2020-12-21,ON,3.0,40.0,51.0,-50.0,-52.0,18.0
356,50811,,Ontario,Halton,2020-12-22,ON,5.0,46.0,45.0,-50.0,-52.0,18.0
357,50812,,Ontario,Halton,2020-12-23,ON,15.0,63.0,71.0,-47.0,-54.0,18.0
358,50813,,Ontario,Halton,2020-12-24,ON,-14.0,46.0,3.0,-57.0,-68.0,24.0
359,50814,,Ontario,Halton,2020-12-25,ON,-87.0,-79.0,25.0,-85.0,-89.0,32.0
360,50815,,Ontario,Halton,2020-12-26,ON,-69.0,-48.0,52.0,-64.0,-47.0,16.0
361,50816,,Ontario,Halton,2020-12-27,ON,-54.0,-21.0,63.0,-53.0,-29.0,11.0
362,50817,,Ontario,Halton,2020-12-28,ON,-49.0,-8.0,43.0,-77.0,-77.0,29.0
363,50818,,Ontario,Halton,2020-12-29,ON,-42.0,2.0,94.0,-71.0,-66.0,25.0
364,50819,,Ontario,Halton,2020-12-30,ON,-40.0,8.0,-11.0,-72.0,-67.0,27.0
365,50820,,Ontario,Halton,2020-12-31,ON,-35.0,26.0,86.0,-73.0,-70.0,26.0
366,51469,,Ontario,Peel,2020-09-01,ON,-15.0,1.0,85.0,-55.0,-43.0,13.0
367,51470,,Ontario,Peel,2020-09-02,ON,-15.0,-1.0,71.0,-57.0,-44.0,13.0
368,51471,,Ontario,Peel,2020-09-03,ON,-13.0,2.0,88.0,-54.0,-43.0,12.0
369,51472,,Ontario,Peel,2020-09-04,ON,-14.0,-1.0,81.0,-54.0,-44.0,12.0
370,51473,,Ontario,Peel,2020-09-05,ON,-20.0,-6.0,90.0,-53.0,-10.0,1.0
371,51474,,Ontario,Peel,2020-09-06,ON,-10.0,-3.0,140.0,-55.0,-12.0,-2.0
372,51475,,Ontario,Peel,2020-09-07,ON,-43.0,-41.0,78.0,-71.0,-82.0,23.0
373,51476,,Ontario,Peel,2020-09-08,ON,-13.0,9.0,32.0,-55.0,-45.0,13.0
374,51477,,Ontario,Peel,2020-09-09,ON,-17.0,-2.0,45.0,-57.0,-44.0,13.0
375,51478,,Ontario,Peel,2020-09-10,ON,-15.0,2.0,56.0,-56.0,-43.0,13.0
376,51479,,Ontario,Peel,2020-09-11,ON,-17.0,-6.0,70.0,-55.0,-41.0,12.0
377,51480,,Ontario,Peel,2020-09-12,ON,-16.0,-4.0,120.0,-49.0,-2.0,3.0
378,51481,,Ontario,Peel,2020-09-13,ON,-16.0,-7.0,95.0,-55.0,-6.0,3.0
379,51482,,Ontario,Peel,2020-09-14,ON,-18.0,-6.0,65.0,-57.0,-41.0,14.0
380,51483,,Ontario,Peel,2020-09-15,ON,-17.0,-3.0,63.0,-56.0,-39.0,13.0
381,51484,,Ontario,Peel,2020-09-16,ON,-17.0,-4.0,77.0,-57.0,-41.0,13.0
382,51485,,Ontario,Peel,2020-09-17,ON,-16.0,-2.0,66.0,-55.0,-40.0,13.0
383,51486,,Ontario,Peel,2020-09-18,ON,-18.0,-8.0,46.0,-55.0,-39.0,13.0
384,51487,,Ontario,Peel,2020-09-19,ON,-17.0,-5.0,83.0,-52.0,-2.0,4.0
385,51488,,Ontario,Peel,2020-09-20,ON,-16.0,-7.0,99.0,-56.0,-4.0,2.0
386,51489,,Ontario,Peel,2020-09-21,ON,-20.0,-8.0,56.0,-58.0,-42.0,14.0
387,51490,,Ontario,Peel,2020-09-22,ON,-20.0,-4.0,55.0,-57.0,-40.0,13.0
388,51491,,Ontario,Peel,2020-09-23,ON,-20.0,-4.0,68.0,-59.0,-40.0,14.0
389,51492,,Ontario,Peel,2020-09-24,ON,-19.0,-3.0,42.0,-58.0,-40.0,14.0
390,51493,,Ontario,Peel,2020-09-25,ON,-20.0,-8.0,57.0,-57.0,-39.0,13.0
391,51494,,Ontario,Peel,2020-09-26,ON,-18.0,-5.0,106.0,-53.0,1.0,3.0
392,51495,,Ontario,Peel,2020-09-27,ON,-16.0,-7.0,110.0,-57.0,-3.0,2.0
393,51496,,Ontario,Peel,2020-09-28,ON,-23.0,-8.0,43.0,-59.0,-41.0,14.0
394,51497,,Ontario,Peel,2020-09-29,ON,-21.0,-3.0,35.0,-58.0,-39.0,14.0
395,51498,,Ontario,Peel,2020-09-30,ON,-21.0,-5.0,9.0,-59.0,-40.0,14.0
396,51499,,Ontario,Peel,2020-10-01,ON,-18.0,2.0,28.0,-57.0,-38.0,14.0
397,51500,,Ontario,Peel,2020-10-02,ON,-21.0,-8.0,13.0,-57.0,-38.0,14.0
398,51501,,Ontario,Peel,2020-10-03,ON,-19.0,-6.0,59.0,-53.0,-2.0,5.0
399,51502,,Ontario,Peel,2020-10-04,ON,-22.0,-10.0,-14.0,-60.0,-8.0,5.0
400,51503,,Ontario,Peel,2020-10-05,ON,-21.0,-6.0,34.0,-59.0,-41.0,14.0
401,51504,,Ontario,Peel,2020-10-06,ON,-21.0,-2.0,39.0,-58.0,-39.0,14.0
402,51505,,Ontario,Peel,2020-10-07,ON,-22.0,-5.0,14.0,-61.0,-40.0,15.0
403,51506,,Ontario,Peel,2020-10-08,ON,-19.0,2.0,24.0,-57.0,-39.0,14.0
404,51507,,Ontario,Peel,2020-10-09,ON,-18.0,3.0,46.0,-55.0,-39.0,13.0
405,51508,,Ontario,Peel,2020-10-10,ON,-24.0,-1.0,70.0,-53.0,-5.0,5.0
406,51509,,Ontario,Peel,2020-10-11,ON,-22.0,0.0,51.0,-60.0,-11.0,3.0
407,51510,,Ontario,Peel,2020-10-12,ON,-57.0,-47.0,65.0,-74.0,-82.0,27.0
408,51511,,Ontario,Peel,2020-10-13,ON,-24.0,1.0,46.0,-57.0,-40.0,14.0
409,51512,,Ontario,Peel,2020-10-14,ON,-25.0,-5.0,35.0,-59.0,-40.0,15.0
410,51513,,Ontario,Peel,2020-10-15,ON,-27.0,-8.0,-20.0,-60.0,-40.0,16.0
411,51514,,Ontario,Peel,2020-10-16,ON,-24.0,-6.0,28.0,-57.0,-38.0,15.0
412,51515,,Ontario,Peel,2020-10-17,ON,-23.0,-4.0,75.0,-53.0,-2.0,6.0
413,51516,,Ontario,Peel,2020-10-18,ON,-26.0,-9.0,27.0,-59.0,-9.0,6.0
414,51517,,Ontario,Peel,2020-10-19,ON,-28.0,-12.0,-12.0,-61.0,-42.0,16.0
415,51518,,Ontario,Peel,2020-10-20,ON,-25.0,-3.0,15.0,-59.0,-39.0,15.0
416,51519,,Ontario,Peel,2020-10-21,ON,-26.0,-6.0,11.0,-61.0,-40.0,16.0
417,51520,,Ontario,Peel,2020-10-22,ON,-25.0,-3.0,4.0,-58.0,-39.0,16.0
418,51521,,Ontario,Peel,2020-10-23,ON,-26.0,-9.0,60.0,-56.0,-38.0,15.0
419,51522,,Ontario,Peel,2020-10-24,ON,-24.0,-4.0,30.0,-54.0,-3.0,7.0
420,51523,,Ontario,Peel,2020-10-25,ON,-24.0,-8.0,20.0,-58.0,-9.0,5.0
421,51524,,Ontario,Peel,2020-10-26,ON,-27.0,-10.0,2.0,-60.0,-41.0,16.0
422,51525,,Ontario,Peel,2020-10-27,ON,-29.0,-9.0,-16.0,-60.0,-39.0,15.0
423,51526,,Ontario,Peel,2020-10-28,ON,-24.0,-4.0,21.0,-58.0,-39.0,15.0
424,51527,,Ontario,Peel,2020-10-29,ON,-24.0,-3.0,-10.0,-59.0,-39.0,15.0
425,51528,,Ontario,Peel,2020-10-30,ON,-25.0,-7.0,-11.0,-57.0,-38.0,15.0
426,51529,,Ontario,Peel,2020-10-31,ON,-22.0,-2.0,23.0,-52.0,-2.0,6.0
427,51530,,Ontario,Peel,2020-11-01,ON,-27.0,-9.0,-26.0,-59.0,-11.0,6.0
428,51531,,Ontario,Peel,2020-11-02,ON,-28.0,-11.0,-21.0,-60.0,-41.0,16.0
429,51532,,Ontario,Peel,2020-11-03,ON,-27.0,-6.0,-13.0,-60.0,-39.0,16.0
430,51533,,Ontario,Peel,2020-11-04,ON,-26.0,-8.0,31.0,-59.0,-39.0,15.0
431,51534,,Ontario,Peel,2020-11-05,ON,-25.0,-6.0,18.0,-58.0,-38.0,15.0
432,51535,,Ontario,Peel,2020-11-06,ON,-25.0,-9.0,39.0,-57.0,-38.0,15.0
433,51536,,Ontario,Peel,2020-11-07,ON,-20.0,-5.0,86.0,-51.0,-1.0,5.0
434,51537,,Ontario,Peel,2020-11-08,ON,-19.0,-8.0,97.0,-56.0,-6.0,4.0
435,51538,,Ontario,Peel,2020-11-09,ON,-26.0,-11.0,33.0,-60.0,-40.0,15.0
436,51539,,Ontario,Peel,2020-11-10,ON,-24.0,-4.0,46.0,-58.0,-38.0,15.0
437,51540,,Ontario,Peel,2020-11-11,ON,-23.0,-3.0,16.0,-61.0,-41.0,16.0
438,51541,,Ontario,Peel,2020-11-12,ON,-23.0,-1.0,8.0,-60.0,-39.0,16.0
439,51542,,Ontario,Peel,2020-11-13,ON,-23.0,-5.0,-9.0,-60.0,-40.0,17.0
440,51543,,Ontario,Peel,2020-11-14,ON,-23.0,-1.0,22.0,-54.0,-7.0,8.0
441,51544,,Ontario,Peel,2020-11-15,ON,-34.0,-21.0,-40.0,-65.0,-14.0,8.0
442,51545,,Ontario,Peel,2020-11-16,ON,-29.0,-13.0,-20.0,-63.0,-43.0,17.0
443,51546,,Ontario,Peel,2020-11-17,ON,-30.0,-11.0,-25.0,-62.0,-40.0,17.0
444,51547,,Ontario,Peel,2020-11-18,ON,-28.0,-11.0,-22.0,-64.0,-40.0,17.0
445,51548,,Ontario,Peel,2020-11-19,ON,-24.0,-5.0,-8.0,-61.0,-40.0,16.0
446,51549,,Ontario,Peel,2020-11-20,ON,-23.0,-5.0,22.0,-59.0,-39.0,16.0
447,51550,,Ontario,Peel,2020-11-21,ON,-20.0,0.0,0.0,-55.0,-2.0,7.0
448,51551,,Ontario,Peel,2020-11-22,ON,-35.0,-26.0,-39.0,-64.0,-13.0,8.0
449,51552,,Ontario,Peel,2020-11-23,ON,-40.0,-21.0,-29.0,-66.0,-44.0,19.0
450,51553,,Ontario,Peel,2020-11-24,ON,-38.0,-15.0,-28.0,-65.0,-42.0,18.0
451,51554,,Ontario,Peel,2020-11-25,ON,-37.0,-18.0,-32.0,-66.0,-42.0,18.0
452,51555,,Ontario,Peel,2020-11-26,ON,-32.0,-8.0,-13.0,-64.0,-42.0,17.0
453,51556,,Ontario,Peel,2020-11-27,ON,-33.0,-14.0,-12.0,-62.0,-41.0,18.0
454,51557,,Ontario,Peel,2020-11-28,ON,-35.0,-13.0,13.0,-58.0,-8.0,9.0
455,51558,,Ontario,Peel,2020-11-29,ON,-36.0,-17.0,28.0,-63.0,-15.0,7.0
456,51559,,Ontario,Peel,2020-11-30,ON,-36.0,-19.0,-42.0,-66.0,-44.0,18.0
457,51560,,Ontario,Peel,2020-12-01,ON,-43.0,-24.0,-37.0,-65.0,-45.0,20.0
458,51561,,Ontario,Peel,2020-12-02,ON,-34.0,-11.0,-20.0,-64.0,-42.0,18.0
459,51562,,Ontario,Peel,2020-12-03,ON,-33.0,-7.0,-21.0,-63.0,-41.0,18.0
460,51563,,Ontario,Peel,2020-12-04,ON,-36.0,-17.0,-28.0,-63.0,-41.0,19.0
461,51564,,Ontario,Peel,2020-12-05,ON,-35.0,-12.0,-15.0,-58.0,-8.0,10.0
462,51565,,Ontario,Peel,2020-12-06,ON,-38.0,-17.0,-5.0,-64.0,-16.0,8.0
463,51566,,Ontario,Peel,2020-12-07,ON,-36.0,-17.0,-24.0,-65.0,-44.0,18.0
464,51567,,Ontario,Peel,2020-12-08,ON,-35.0,-12.0,-22.0,-64.0,-41.0,17.0
465,51568,,Ontario,Peel,2020-12-09,ON,-37.0,-14.0,-29.0,-65.0,-42.0,18.0
466,51569,,Ontario,Peel,2020-12-10,ON,-34.0,-8.0,-15.0,-64.0,-41.0,17.0
467,51570,,Ontario,Peel,2020-12-11,ON,-34.0,-13.0,-3.0,-63.0,-41.0,18.0
468,51571,,Ontario,Peel,2020-12-12,ON,-39.0,-16.0,-33.0,-61.0,-9.0,11.0
469,51572,,Ontario,Peel,2020-12-13,ON,-37.0,-14.0,-11.0,-64.0,-16.0,8.0
470,51573,,Ontario,Peel,2020-12-14,ON,-36.0,-15.0,-28.0,-66.0,-44.0,18.0
471,51574,,Ontario,Peel,2020-12-15,ON,-34.0,-8.0,-26.0,-64.0,-42.0,17.0
472,51575,,Ontario,Peel,2020-12-16,ON,-36.0,-14.0,-38.0,-67.0,-43.0,19.0
473,51576,,Ontario,Peel,2020-12-17,ON,-32.0,-4.0,-29.0,-63.0,-42.0,18.0
474,51577,,Ontario,Peel,2020-12-18,ON,-32.0,-9.0,-15.0,-62.0,-41.0,18.0
475,51578,,Ontario,Peel,2020-12-19,ON,-36.0,-10.0,-19.0,-56.0,-10.0,10.0
476,51579,,Ontario,Peel,2020-12-20,ON,-35.0,-12.0,-10.0,-61.0,-15.0,7.0
477,51580,,Ontario,Peel,2020-12-21,ON,-25.0,3.0,-9.0,-64.0,-49.0,18.0
478,51581,,Ontario,Peel,2020-12-22,ON,-22.0,16.0,-15.0,-63.0,-48.0,17.0
479,51582,,Ontario,Peel,2020-12-23,ON,-15.0,31.0,0.0,-63.0,-49.0,17.0
480,51583,,Ontario,Peel,2020-12-24,ON,-22.0,35.0,-18.0,-68.0,-64.0,23.0
481,51584,,Ontario,Peel,2020-12-25,ON,-80.0,-73.0,-19.0,-84.0,-88.0,35.0
482,51585,,Ontario,Peel,2020-12-26,ON,-59.0,-44.0,-18.0,-69.0,-44.0,16.0
483,51586,,Ontario,Peel,2020-12-27,ON,-47.0,-28.0,3.0,-66.0,-26.0,10.0
484,51587,,Ontario,Peel,2020-12-28,ON,-40.0,-12.0,-18.0,-74.0,-73.0,28.0
485,51588,,Ontario,Peel,2020-12-29,ON,-34.0,-1.0,-4.0,-68.0,-58.0,23.0
486,51589,,Ontario,Peel,2020-12-30,ON,-32.0,3.0,-33.0,-70.0,-59.0,24.0
487,51590,,Ontario,Peel,2020-12-31,ON,-22.0,26.0,5.0,-70.0,-65.0,24.0
488,51854,,Ontario,York,2020-09-01,ON,-14.0,4.0,,-49.0,-49.0,15.0
489,51855,,Ontario,York,2020-09-02,ON,-11.0,4.0,,-52.0,-50.0,16.0
490,51856,,Ontario,York,2020-09-03,ON,-11.0,7.0,,-49.0,-48.0,15.0
491,51857,,Ontario,York,2020-09-04,ON,-13.0,6.0,,-45.0,-47.0,13.0
492,51858,,Ontario,York,2020-09-05,ON,-20.0,0.0,,-24.0,-11.0,2.0
493,51859,,Ontario,York,2020-09-06,ON,-14.0,-1.0,,-30.0,-9.0,0.0
494,51860,,Ontario,York,2020-09-07,ON,-30.0,-21.0,,-69.0,-83.0,23.0
495,51861,,Ontario,York,2020-09-08,ON,-14.0,9.0,,-52.0,-50.0,16.0
496,51862,,Ontario,York,2020-09-09,ON,-13.0,4.0,,-53.0,-49.0,16.0
497,51863,,Ontario,York,2020-09-10,ON,-13.0,5.0,,-50.0,-48.0,16.0
498,51864,,Ontario,York,2020-09-11,ON,-16.0,2.0,163.0,-46.0,-45.0,15.0
499,51865,,Ontario,York,2020-09-12,ON,-16.0,3.0,281.0,-21.0,-3.0,4.0
500,51866,,Ontario,York,2020-09-13,ON,-18.0,-1.0,194.0,-31.0,-4.0,5.0
501,51867,,Ontario,York,2020-09-14,ON,-13.0,1.0,178.0,-52.0,-45.0,15.0
502,51868,,Ontario,York,2020-09-15,ON,-15.0,3.0,151.0,-51.0,-45.0,16.0
503,51869,,Ontario,York,2020-09-16,ON,-14.0,0.0,175.0,-49.0,-46.0,16.0
504,51870,,Ontario,York,2020-09-17,ON,-16.0,5.0,157.0,-50.0,-45.0,16.0
505,51871,,Ontario,York,2020-09-18,ON,-18.0,1.0,119.0,-48.0,-43.0,15.0
506,51872,,Ontario,York,2020-09-19,ON,-18.0,4.0,230.0,-27.0,-3.0,5.0
507,51873,,Ontario,York,2020-09-20,ON,-18.0,-1.0,242.0,-31.0,-3.0,4.0
508,51874,,Ontario,York,2020-09-21,ON,-16.0,0.0,169.0,-51.0,-46.0,16.0
509,51875,,Ontario,York,2020-09-22,ON,-19.0,3.0,153.0,-51.0,-46.0,16.0
510,51876,,Ontario,York,2020-09-23,ON,-17.0,3.0,159.0,-51.0,-45.0,16.0
511,51877,,Ontario,York,2020-09-24,ON,-19.0,4.0,126.0,-52.0,-44.0,16.0
512,51878,,Ontario,York,2020-09-25,ON,-20.0,2.0,139.0,-49.0,-41.0,15.0
513,51879,,Ontario,York,2020-09-26,ON,-19.0,5.0,268.0,-27.0,0.0,4.0
514,51880,,Ontario,York,2020-09-27,ON,-19.0,1.0,239.0,-34.0,-1.0,3.0
515,51881,,Ontario,York,2020-09-28,ON,-21.0,-1.0,157.0,-54.0,-46.0,16.0
516,51882,,Ontario,York,2020-09-29,ON,-20.0,6.0,107.0,-53.0,-44.0,16.0
517,51883,,Ontario,York,2020-09-30,ON,-19.0,3.0,45.0,-56.0,-45.0,17.0
518,51884,,Ontario,York,2020-10-01,ON,-17.0,11.0,110.0,-53.0,-42.0,16.0
519,51885,,Ontario,York,2020-10-02,ON,-22.0,1.0,83.0,-50.0,-41.0,17.0
520,51886,,Ontario,York,2020-10-03,ON,-21.0,2.0,211.0,-30.0,-3.0,6.0
521,51887,,Ontario,York,2020-10-04,ON,-26.0,-4.0,24.0,-45.0,-9.0,7.0
522,51888,,Ontario,York,2020-10-05,ON,-19.0,0.0,141.0,-53.0,-44.0,16.0
523,51889,,Ontario,York,2020-10-06,ON,-21.0,5.0,115.0,-54.0,-45.0,17.0
524,51890,,Ontario,York,2020-10-07,ON,-20.0,2.0,59.0,-57.0,-45.0,18.0
525,51891,,Ontario,York,2020-10-08,ON,-19.0,9.0,85.0,-54.0,-43.0,17.0
526,51892,,Ontario,York,2020-10-09,ON,-19.0,13.0,122.0,-50.0,-42.0,15.0
527,51893,,Ontario,York,2020-10-10,ON,-23.0,9.0,213.0,-33.0,-5.0,6.0
528,51894,,Ontario,York,2020-10-11,ON,-23.0,6.0,204.0,-40.0,-7.0,4.0
529,51895,,Ontario,York,2020-10-12,ON,-45.0,-35.0,201.0,-73.0,-83.0,26.0
530,51896,,Ontario,York,2020-10-13,ON,-21.0,8.0,140.0,-55.0,-45.0,17.0
531,51897,,Ontario,York,2020-10-14,ON,-18.0,5.0,128.0,-55.0,-44.0,18.0
532,51898,,Ontario,York,2020-10-15,ON,-23.0,-1.0,13.0,-59.0,-44.0,19.0
533,51899,,Ontario,York,2020-10-16,ON,-19.0,4.0,97.0,-52.0,-40.0,17.0
534,51900,,Ontario,York,2020-10-17,ON,-17.0,8.0,253.0,-33.0,-1.0,6.0
535,51901,,Ontario,York,2020-10-18,ON,-20.0,-1.0,104.0,-47.0,-5.0,7.0
536,51902,,Ontario,York,2020-10-19,ON,-27.0,-4.0,47.0,-58.0,-45.0,18.0
537,51903,,Ontario,York,2020-10-20,ON,-26.0,3.0,91.0,-57.0,-45.0,18.0
538,51904,,Ontario,York,2020-10-21,ON,-26.0,0.0,72.0,-59.0,-45.0,19.0
539,51905,,Ontario,York,2020-10-22,ON,-26.0,2.0,59.0,-57.0,-43.0,19.0
540,51906,,Ontario,York,2020-10-23,ON,-27.0,0.0,160.0,-51.0,-41.0,17.0
541,51907,,Ontario,York,2020-10-24,ON,-27.0,5.0,142.0,-38.0,-5.0,8.0
542,51908,,Ontario,York,2020-10-25,ON,-29.0,-1.0,127.0,-45.0,-8.0,7.0
543,51909,,Ontario,York,2020-10-26,ON,-26.0,-2.0,62.0,-58.0,-44.0,18.0
544,51910,,Ontario,York,2020-10-27,ON,-30.0,-2.0,15.0,-58.0,-44.0,19.0
545,51911,,Ontario,York,2020-10-28,ON,-23.0,4.0,92.0,-56.0,-44.0,18.0
546,51912,,Ontario,York,2020-10-29,ON,-25.0,4.0,34.0,-58.0,-43.0,19.0
547,51913,,Ontario,York,2020-10-30,ON,-27.0,3.0,22.0,-55.0,-41.0,18.0
548,51914,,Ontario,York,2020-10-31,ON,-26.0,9.0,138.0,-33.0,-5.0,7.0
549,51915,,Ontario,York,2020-11-01,ON,-32.0,-3.0,-2.0,-52.0,-12.0,9.0
550,51916,,Ontario,York,2020-11-02,ON,-28.0,-6.0,13.0,-60.0,-44.0,19.0
551,51917,,Ontario,York,2020-11-03,ON,-29.0,0.0,31.0,-59.0,-45.0,19.0
552,51918,,Ontario,York,2020-11-04,ON,-25.0,0.0,107.0,-56.0,-44.0,18.0
553,51919,,Ontario,York,2020-11-05,ON,-26.0,1.0,88.0,-57.0,-42.0,18.0
554,51920,,Ontario,York,2020-11-06,ON,-27.0,0.0,114.0,-55.0,-40.0,18.0
555,51921,,Ontario,York,2020-11-07,ON,-20.0,3.0,265.0,-35.0,-2.0,6.0
556,51922,,Ontario,York,2020-11-08,ON,-21.0,0.0,268.0,-41.0,-5.0,5.0
557,51923,,Ontario,York,2020-11-09,ON,-21.0,-2.0,140.0,-56.0,-43.0,17.0
558,51924,,Ontario,York,2020-11-10,ON,-22.0,2.0,143.0,-56.0,-43.0,17.0
559,51925,,Ontario,York,2020-11-11,ON,-17.0,4.0,88.0,-58.0,-45.0,18.0
560,51926,,Ontario,York,2020-11-12,ON,-22.0,4.0,70.0,-58.0,-42.0,18.0
561,51927,,Ontario,York,2020-11-13,ON,-23.0,0.0,38.0,-57.0,-43.0,19.0
562,51928,,Ontario,York,2020-11-14,ON,-22.0,4.0,140.0,-41.0,-3.0,8.0
563,51929,,Ontario,York,2020-11-15,ON,-33.0,-13.0,-20.0,-57.0,-12.0,10.0
564,51930,,Ontario,York,2020-11-16,ON,-25.0,-5.0,18.0,-62.0,-44.0,19.0
565,51931,,Ontario,York,2020-11-17,ON,-28.0,-4.0,13.0,-62.0,-44.0,20.0
566,51932,,Ontario,York,2020-11-18,ON,-26.0,-3.0,10.0,-61.0,-45.0,20.0
567,51933,,Ontario,York,2020-11-19,ON,-23.0,2.0,49.0,-60.0,-42.0,19.0
568,51934,,Ontario,York,2020-11-20,ON,-22.0,2.0,89.0,-56.0,-41.0,18.0
569,51935,,Ontario,York,2020-11-21,ON,-22.0,7.0,66.0,-42.0,-4.0,9.0
570,51936,,Ontario,York,2020-11-22,ON,-39.0,-21.0,2.0,-57.0,-16.0,11.0
571,51937,,Ontario,York,2020-11-23,ON,-24.0,-5.0,21.0,-62.0,-46.0,20.0
572,51938,,Ontario,York,2020-11-24,ON,-24.0,-1.0,7.0,-63.0,-45.0,20.0
573,51939,,Ontario,York,2020-11-25,ON,-22.0,-2.0,1.0,-62.0,-45.0,21.0
574,51940,,Ontario,York,2020-11-26,ON,-19.0,6.0,26.0,-60.0,-43.0,20.0
575,51941,,Ontario,York,2020-11-27,ON,-20.0,3.0,24.0,-58.0,-42.0,19.0
576,51942,,Ontario,York,2020-11-28,ON,-20.0,9.0,116.0,-40.0,-5.0,9.0
577,51943,,Ontario,York,2020-11-29,ON,-22.0,1.0,134.0,-47.0,-11.0,8.0
578,51944,,Ontario,York,2020-11-30,ON,-22.0,-4.0,-12.0,-63.0,-45.0,20.0
579,51945,,Ontario,York,2020-12-01,ON,-34.0,-12.0,1.0,-64.0,-48.0,22.0
580,51946,,Ontario,York,2020-12-02,ON,-20.0,4.0,20.0,-60.0,-45.0,20.0
581,51947,,Ontario,York,2020-12-03,ON,-21.0,7.0,25.0,-60.0,-43.0,20.0
582,51948,,Ontario,York,2020-12-04,ON,-25.0,-2.0,0.0,-60.0,-42.0,21.0
583,51949,,Ontario,York,2020-12-05,ON,-21.0,8.0,50.0,-42.0,-7.0,10.0
584,51950,,Ontario,York,2020-12-06,ON,-23.0,2.0,59.0,-52.0,-13.0,9.0
585,51951,,Ontario,York,2020-12-07,ON,-20.0,-2.0,19.0,-61.0,-45.0,19.0
586,51952,,Ontario,York,2020-12-08,ON,-23.0,2.0,18.0,-61.0,-44.0,20.0
587,51953,,Ontario,York,2020-12-09,ON,-25.0,-5.0,10.0,-60.0,-46.0,21.0
588,51954,,Ontario,York,2020-12-10,ON,-19.0,7.0,19.0,-59.0,-43.0,20.0
589,51955,,Ontario,York,2020-12-11,ON,-19.0,10.0,27.0,-57.0,-41.0,19.0
590,51956,,Ontario,York,2020-12-12,ON,-19.0,10.0,5.0,-42.0,-7.0,11.0
591,51957,,Ontario,York,2020-12-13,ON,-16.0,9.0,39.0,-47.0,-9.0,9.0
592,51958,,Ontario,York,2020-12-14,ON,-36.0,-5.0,17.0,-64.0,-46.0,20.0
593,51959,,Ontario,York,2020-12-15,ON,-36.0,-2.0,8.0,-63.0,-47.0,21.0
594,51960,,Ontario,York,2020-12-16,ON,-36.0,-5.0,-15.0,-65.0,-47.0,22.0
595,51961,,Ontario,York,2020-12-17,ON,-33.0,6.0,9.0,-63.0,-45.0,21.0
596,51962,,Ontario,York,2020-12-18,ON,-35.0,1.0,9.0,-61.0,-44.0,21.0
597,51963,,Ontario,York,2020-12-19,ON,-42.0,-3.0,41.0,-49.0,-15.0,12.0
598,51964,,Ontario,York,2020-12-20,ON,-42.0,-6.0,32.0,-57.0,-19.0,11.0
599,51965,,Ontario,York,2020-12-21,ON,-24.0,14.0,36.0,-64.0,-53.0,20.0
600,51966,,Ontario,York,2020-12-22,ON,-24.0,26.0,25.0,-64.0,-54.0,21.0
601,51967,,Ontario,York,2020-12-23,ON,-15.0,45.0,36.0,-62.0,-55.0,21.0
602,51968,,Ontario,York,2020-12-24,ON,-30.0,36.0,-1.0,-70.0,-68.0,26.0
603,51969,,Ontario,York,2020-12-25,ON,-83.0,-76.0,49.0,-83.0,-89.0,35.0
604,51970,,Ontario,York,2020-12-26,ON,-64.0,-42.0,84.0,-66.0,-48.0,17.0
605,51971,,Ontario,York,2020-12-27,ON,-51.0,-21.0,85.0,-63.0,-27.0,12.0
606,51972,,Ontario,York,2020-12-28,ON,-41.0,-3.0,35.0,-77.0,-76.0,29.0
607,51973,,Ontario,York,2020-12-29,ON,-37.0,6.0,48.0,-71.0,-65.0,26.0
608,51974,,Ontario,York,2020-12-30,ON,-35.0,15.0,0.0,-72.0,-65.0,27.0
609,51975,,Ontario,York,2020-12-31,ON,-32.0,26.0,35.0,-73.0,-69.0,27.0
610,54393,,Ontario,Toronto,2020-09-01,ON,-25.0,-6.0,95.0,-50.0,-52.0,14.0
611,54394,,Ontario,Toronto,2020-09-02,ON,-25.0,-8.0,62.0,-53.0,-52.0,15.0
612,54395,,Ontario,Toronto,2020-09-03,ON,-23.0,-4.0,92.0,-50.0,-50.0,14.0
613,54396,,Ontario,Toronto,2020-09-04,ON,-24.0,-5.0,82.0,-48.0,-50.0,13.0
614,54397,,Ontario,Toronto,2020-09-05,ON,-26.0,-11.0,100.0,-33.0,-12.0,2.0
615,54398,,Ontario,Toronto,2020-09-06,ON,-19.0,-9.0,138.0,-28.0,-12.0,-1.0
616,54399,,Ontario,Toronto,2020-09-07,ON,-53.0,-48.0,67.0,-71.0,-81.0,21.0
617,54400,,Ontario,Toronto,2020-09-08,ON,-25.0,1.0,33.0,-53.0,-52.0,14.0
618,54401,,Ontario,Toronto,2020-09-09,ON,-27.0,-7.0,43.0,-53.0,-51.0,15.0
619,54402,,Ontario,Toronto,2020-09-10,ON,-25.0,-3.0,60.0,-51.0,-49.0,15.0
620,54403,,Ontario,Toronto,2020-09-11,ON,-26.0,-7.0,68.0,-48.0,-48.0,14.0
621,54404,,Ontario,Toronto,2020-09-12,ON,-22.0,-6.0,125.0,-30.0,-6.0,3.0
622,54405,,Ontario,Toronto,2020-09-13,ON,-23.0,-10.0,85.0,-34.0,-10.0,3.0
623,54406,,Ontario,Toronto,2020-09-14,ON,-26.0,-7.0,57.0,-53.0,-48.0,15.0
624,54407,,Ontario,Toronto,2020-09-15,ON,-25.0,-6.0,63.0,-52.0,-48.0,15.0
625,54408,,Ontario,Toronto,2020-09-16,ON,-26.0,-10.0,74.0,-51.0,-49.0,15.0
626,54409,,Ontario,Toronto,2020-09-17,ON,-27.0,-5.0,60.0,-51.0,-48.0,15.0
627,54410,,Ontario,Toronto,2020-09-18,ON,-28.0,-9.0,46.0,-49.0,-47.0,14.0
628,54411,,Ontario,Toronto,2020-09-19,ON,-24.0,-7.0,92.0,-33.0,-7.0,4.0
629,54412,,Ontario,Toronto,2020-09-20,ON,-23.0,-9.0,99.0,-34.0,-9.0,3.0
630,54413,,Ontario,Toronto,2020-09-21,ON,-29.0,-9.0,55.0,-53.0,-49.0,15.0
631,54414,,Ontario,Toronto,2020-09-22,ON,-29.0,-7.0,59.0,-52.0,-49.0,15.0
632,54415,,Ontario,Toronto,2020-09-23,ON,-29.0,-9.0,68.0,-52.0,-48.0,15.0
633,54416,,Ontario,Toronto,2020-09-24,ON,-30.0,-6.0,37.0,-52.0,-47.0,16.0
634,54417,,Ontario,Toronto,2020-09-25,ON,-30.0,-7.0,61.0,-49.0,-46.0,14.0
635,54418,,Ontario,Toronto,2020-09-26,ON,-25.0,-6.0,115.0,-32.0,-4.0,3.0
636,54419,,Ontario,Toronto,2020-09-27,ON,-25.0,-8.0,108.0,-34.0,-7.0,2.0
637,54420,,Ontario,Toronto,2020-09-28,ON,-32.0,-8.0,50.0,-54.0,-48.0,15.0
638,54421,,Ontario,Toronto,2020-09-29,ON,-31.0,-6.0,33.0,-53.0,-48.0,15.0
639,54422,,Ontario,Toronto,2020-09-30,ON,-32.0,-9.0,0.0,-54.0,-48.0,17.0
640,54423,,Ontario,Toronto,2020-10-01,ON,-29.0,-1.0,32.0,-53.0,-45.0,16.0
641,54424,,Ontario,Toronto,2020-10-02,ON,-33.0,-8.0,14.0,-51.0,-45.0,16.0
642,54425,,Ontario,Toronto,2020-10-03,ON,-28.0,-7.0,66.0,-36.0,-7.0,6.0
643,54426,,Ontario,Toronto,2020-10-04,ON,-33.0,-12.0,-12.0,-43.0,-14.0,6.0
644,54427,,Ontario,Toronto,2020-10-05,ON,-32.0,-5.0,36.0,-54.0,-47.0,16.0
645,54428,,Ontario,Toronto,2020-10-06,ON,-33.0,-6.0,39.0,-53.0,-47.0,15.0
646,54429,,Ontario,Toronto,2020-10-07,ON,-34.0,-9.0,12.0,-55.0,-47.0,17.0
647,54430,,Ontario,Toronto,2020-10-08,ON,-33.0,-3.0,14.0,-53.0,-46.0,17.0
648,54431,,Ontario,Toronto,2020-10-09,ON,-31.0,1.0,40.0,-50.0,-45.0,15.0
649,54432,,Ontario,Toronto,2020-10-10,ON,-35.0,-4.0,68.0,-39.0,-9.0,5.0
650,54433,,Ontario,Toronto,2020-10-11,ON,-34.0,-5.0,48.0,-40.0,-12.0,3.0
651,54434,,Ontario,Toronto,2020-10-12,ON,-66.0,-54.0,52.0,-75.0,-82.0,24.0
652,54435,,Ontario,Toronto,2020-10-13,ON,-36.0,-2.0,51.0,-53.0,-49.0,16.0
653,54436,,Ontario,Toronto,2020-10-14,ON,-36.0,-8.0,36.0,-54.0,-47.0,17.0
654,54437,,Ontario,Toronto,2020-10-15,ON,-41.0,-13.0,-30.0,-56.0,-48.0,20.0
655,54438,,Ontario,Toronto,2020-10-16,ON,-36.0,-5.0,32.0,-51.0,-45.0,17.0
656,54439,,Ontario,Toronto,2020-10-17,ON,-31.0,-5.0,91.0,-37.0,-8.0,6.0
657,54440,,Ontario,Toronto,2020-10-18,ON,-35.0,-12.0,39.0,-42.0,-15.0,7.0
658,54441,,Ontario,Toronto,2020-10-19,ON,-40.0,-13.0,-18.0,-57.0,-49.0,18.0
659,54442,,Ontario,Toronto,2020-10-20,ON,-36.0,-7.0,25.0,-54.0,-48.0,17.0
660,54443,,Ontario,Toronto,2020-10-21,ON,-38.0,-12.0,12.0,-55.0,-48.0,19.0
661,54444,,Ontario,Toronto,2020-10-22,ON,-38.0,-7.0,5.0,-54.0,-46.0,19.0
662,54445,,Ontario,Toronto,2020-10-23,ON,-35.0,-8.0,69.0,-50.0,-45.0,16.0
663,54446,,Ontario,Toronto,2020-10-24,ON,-33.0,-5.0,49.0,-38.0,-9.0,7.0
664,54447,,Ontario,Toronto,2020-10-25,ON,-34.0,-11.0,30.0,-41.0,-15.0,6.0
665,54448,,Ontario,Toronto,2020-10-26,ON,-39.0,-11.0,0.0,-56.0,-48.0,17.0
666,54449,,Ontario,Toronto,2020-10-27,ON,-41.0,-14.0,-18.0,-56.0,-48.0,18.0
667,54450,,Ontario,Toronto,2020-10-28,ON,-34.0,-6.0,25.0,-54.0,-46.0,17.0
668,54451,,Ontario,Toronto,2020-10-29,ON,-37.0,-7.0,-8.0,-55.0,-46.0,18.0
669,54452,,Ontario,Toronto,2020-10-30,ON,-37.0,-6.0,-10.0,-53.0,-45.0,17.0
670,54453,,Ontario,Toronto,2020-10-31,ON,-31.0,-2.0,47.0,-36.0,-8.0,6.0
671,54454,,Ontario,Toronto,2020-11-01,ON,-38.0,-12.0,-23.0,-45.0,-17.0,7.0
672,54455,,Ontario,Toronto,2020-11-02,ON,-39.0,-13.0,-23.0,-57.0,-48.0,18.0
673,54456,,Ontario,Toronto,2020-11-03,ON,-39.0,-10.0,-8.0,-55.0,-47.0,17.0
674,54457,,Ontario,Toronto,2020-11-04,ON,-36.0,-11.0,34.0,-54.0,-47.0,18.0
675,54458,,Ontario,Toronto,2020-11-05,ON,-36.0,-8.0,25.0,-54.0,-45.0,18.0
676,54459,,Ontario,Toronto,2020-11-06,ON,-35.0,-8.0,46.0,-51.0,-44.0,17.0
677,54460,,Ontario,Toronto,2020-11-07,ON,-29.0,-6.0,112.0,-33.0,-7.0,6.0
678,54461,,Ontario,Toronto,2020-11-08,ON,-28.0,-8.0,115.0,-36.0,-11.0,4.0
679,54462,,Ontario,Toronto,2020-11-09,ON,-36.0,-10.0,45.0,-55.0,-47.0,17.0
680,54463,,Ontario,Toronto,2020-11-10,ON,-34.0,-7.0,63.0,-53.0,-46.0,16.0
681,54464,,Ontario,Toronto,2020-11-11,ON,-35.0,-9.0,25.0,-56.0,-48.0,18.0
682,54465,,Ontario,Toronto,2020-11-12,ON,-37.0,-6.0,11.0,-55.0,-45.0,18.0
683,54466,,Ontario,Toronto,2020-11-13,ON,-38.0,-8.0,-4.0,-53.0,-45.0,18.0
684,54467,,Ontario,Toronto,2020-11-14,ON,-33.0,-5.0,43.0,-41.0,-10.0,8.0
685,54468,,Ontario,Toronto,2020-11-15,ON,-44.0,-22.0,-40.0,-51.0,-19.0,9.0
686,54469,,Ontario,Toronto,2020-11-16,ON,-40.0,-14.0,-23.0,-59.0,-48.0,18.0
687,54470,,Ontario,Toronto,2020-11-17,ON,-41.0,-13.0,-22.0,-58.0,-48.0,18.0
688,54471,,Ontario,Toronto,2020-11-18,ON,-41.0,-15.0,-23.0,-59.0,-48.0,19.0
689,54472,,Ontario,Toronto,2020-11-19,ON,-37.0,-8.0,3.0,-57.0,-46.0,19.0
690,54473,,Ontario,Toronto,2020-11-20,ON,-34.0,-5.0,33.0,-54.0,-47.0,18.0
691,54474,,Ontario,Toronto,2020-11-21,ON,-30.0,-2.0,11.0,-41.0,-8.0,8.0
692,54475,,Ontario,Toronto,2020-11-22,ON,-42.0,-23.0,-34.0,-49.0,-17.0,9.0
693,54476,,Ontario,Toronto,2020-11-23,ON,-51.0,-21.0,-28.0,-62.0,-50.0,20.0
694,54477,,Ontario,Toronto,2020-11-24,ON,-49.0,-18.0,-25.0,-62.0,-50.0,20.0
695,54478,,Ontario,Toronto,2020-11-25,ON,-49.0,-21.0,-30.0,-62.0,-49.0,21.0
696,54479,,Ontario,Toronto,2020-11-26,ON,-44.0,-10.0,-9.0,-60.0,-48.0,20.0
697,54480,,Ontario,Toronto,2020-11-27,ON,-45.0,-14.0,-8.0,-59.0,-47.0,20.0
698,54481,,Ontario,Toronto,2020-11-28,ON,-43.0,-11.0,34.0,-49.0,-14.0,10.0
699,54482,,Ontario,Toronto,2020-11-29,ON,-43.0,-15.0,42.0,-50.0,-19.0,8.0
700,54483,,Ontario,Toronto,2020-11-30,ON,-48.0,-24.0,-49.0,-63.0,-50.0,20.0
701,54484,,Ontario,Toronto,2020-12-01,ON,-51.0,-20.0,-28.0,-61.0,-51.0,21.0
702,54485,,Ontario,Toronto,2020-12-02,ON,-46.0,-13.0,-16.0,-60.0,-49.0,20.0
703,54486,,Ontario,Toronto,2020-12-03,ON,-45.0,-10.0,-13.0,-59.0,-48.0,20.0
704,54487,,Ontario,Toronto,2020-12-04,ON,-49.0,-18.0,-30.0,-60.0,-48.0,21.0
705,54488,,Ontario,Toronto,2020-12-05,ON,-45.0,-10.0,4.0,-49.0,-15.0,10.0
706,54489,,Ontario,Toronto,2020-12-06,ON,-47.0,-16.0,9.0,-52.0,-21.0,8.0
707,54490,,Ontario,Toronto,2020-12-07,ON,-48.0,-17.0,-23.0,-62.0,-49.0,19.0
708,54491,,Ontario,Toronto,2020-12-08,ON,-47.0,-15.0,-14.0,-61.0,-49.0,19.0
709,54492,,Ontario,Toronto,2020-12-09,ON,-50.0,-21.0,-29.0,-62.0,-50.0,21.0
710,54493,,Ontario,Toronto,2020-12-10,ON,-46.0,-10.0,-13.0,-60.0,-48.0,20.0
711,54494,,Ontario,Toronto,2020-12-11,ON,-45.0,-11.0,4.0,-58.0,-47.0,20.0
712,54495,,Ontario,Toronto,2020-12-12,ON,-50.0,-18.0,-33.0,-55.0,-18.0,12.0
713,54496,,Ontario,Toronto,2020-12-13,ON,-46.0,-14.0,2.0,-52.0,-20.0,8.0
714,54497,,Ontario,Toronto,2020-12-14,ON,-47.0,-14.0,-23.0,-62.0,-50.0,19.0
715,54498,,Ontario,Toronto,2020-12-15,ON,-46.0,-12.0,-22.0,-61.0,-50.0,19.0
716,54499,,Ontario,Toronto,2020-12-16,ON,-49.0,-20.0,-42.0,-64.0,-50.0,21.0
717,54500,,Ontario,Toronto,2020-12-17,ON,-45.0,-8.0,-21.0,-60.0,-49.0,21.0
718,54501,,Ontario,Toronto,2020-12-18,ON,-45.0,-10.0,-12.0,-59.0,-48.0,20.0
719,54502,,Ontario,Toronto,2020-12-19,ON,-46.0,-10.0,-6.0,-51.0,-16.0,11.0
720,54503,,Ontario,Toronto,2020-12-20,ON,-45.0,-14.0,-5.0,-52.0,-20.0,9.0
721,54504,,Ontario,Toronto,2020-12-21,ON,-39.0,-1.0,-4.0,-62.0,-54.0,19.0
722,54505,,Ontario,Toronto,2020-12-22,ON,-37.0,7.0,-6.0,-61.0,-55.0,18.0
723,54506,,Ontario,Toronto,2020-12-23,ON,-32.0,19.0,1.0,-60.0,-55.0,18.0
724,54507,,Ontario,Toronto,2020-12-24,ON,-40.0,16.0,-30.0,-67.0,-67.0,23.0
725,54508,,Ontario,Toronto,2020-12-25,ON,-84.0,-74.0,-2.0,-84.0,-86.0,32.0
726,54509,,Ontario,Toronto,2020-12-26,ON,-68.0,-44.0,-1.0,-67.0,-43.0,15.0
727,54510,,Ontario,Toronto,2020-12-27,ON,-56.0,-29.0,12.0,-60.0,-27.0,10.0
728,54511,,Ontario,Toronto,2020-12-28,ON,-52.0,-16.0,-15.0,-75.0,-74.0,27.0
729,54512,,Ontario,Toronto,2020-12-29,ON,-47.0,-8.0,5.0,-68.0,-64.0,23.0
730,54513,,Ontario,Toronto,2020-12-30,ON,-47.0,-6.0,-33.0,-69.0,-64.0,25.0
731,54514,,Ontario,Toronto,2020-12-31,ON,-41.0,11.0,5.0,-68.0,-67.0,25.0
