surrogate_key,Weather_ID,City,Date,Daily_high_temperature,Daily_low_temperature,Rain_mm,Snow_cm
0,6105976,Ottawa,2020-09-01,25.0,13.0,0.0,0.0
1,6105976,Ottawa,2020-09-02,27.0,19.5,7.0,0.0
2,6105976,Ottawa,2020-09-03,24.5,14.0,2.0,0.0
3,6105976,Ottawa,2020-09-04,21.0,12.0,0.4,0.0
4,6105976,Ottawa,2020-09-05,21.0,9.0,2.4,0.0
5,6105976,Ottawa,2020-09-06,20.5,8.5,0.0,0.0
6,6105976,Ottawa,2020-09-07,25.0,11.0,1.0,0.0
7,6105976,Ottawa,2020-09-08,19.0,10.0,3.2,0.0
8,6105976,Ottawa,2020-09-09,16.0,12.5,3.2,0.0
9,6105976,Ottawa,2020-09-10,15.5,12.0,0.0,0.0
10,6105976,Ottawa,2020-09-11,17.5,8.5,0.0,0.0
11,6105976,Ottawa,2020-09-12,21.0,5.0,1.4,0.0
12,6105976,Ottawa,2020-09-13,22.0,14.5,6.4,0.0
13,6105976,Ottawa,2020-09-14,15.0,9.5,0.0,0.0
14,6105976,Ottawa,2020-09-15,16.5,2.5,0.0,0.0
15,6105976,Ottawa,2020-09-16,22.5,8.0,0.0,0.0
16,6105976,Ottawa,2020-09-17,14.5,9.5,0.0,0.0
17,6105976,Ottawa,2020-09-18,14.0,3.0,0.0,0.0
18,6105976,Ottawa,2020-09-19,13.5,1.5,0.0,0.0
19,6105976,Ottawa,2020-09-20,16.0,4.0,0.0,0.0
20,6105976,Ottawa,2020-09-21,18.0,1.0,0.0,0.0
21,6105976,Ottawa,2020-09-22,19.5,2.0,0.0,0.0
22,6105976,Ottawa,2020-09-23,24.0,12.0,0.0,0.0
23,6105976,Ottawa,2020-09-24,17.5,13.5,0.0,0.0
24,6105976,Ottawa,2020-09-25,18.0,10.5,0.0,0.0
25,6105976,Ottawa,2020-09-26,26.0,8.0,0.0,0.0
26,6105976,Ottawa,2020-09-27,26.0,16.0,0.0,0.0
27,6105976,Ottawa,2020-09-28,27.5,14.5,9.2,0.0
28,6105976,Ottawa,2020-09-29,19.0,15.5,12.6,0.0
29,6105976,Ottawa,2020-09-30,17.0,10.5,3.6,0.0
30,6105976,Ottawa,2020-10-01,19.0,9.5,0.6,0.0
31,6105976,Ottawa,2020-10-02,12.5,8.0,8.6,0.0
32,6105976,Ottawa,2020-10-03,13.5,4.0,0.0,0.0
33,6105976,Ottawa,2020-10-04,15.0,5.0,3.9,0.0
34,6105976,Ottawa,2020-10-05,13.0,8.5,0.0,0.0
35,6105976,Ottawa,2020-10-06,16.5,6.5,3.2,0.0
36,6105976,Ottawa,2020-10-07,17.0,9.5,15.8,0.0
37,6105976,Ottawa,2020-10-08,10.5,4.5,0.0,0.0
38,6105976,Ottawa,2020-10-09,18.0,-1.0,0.0,0.0
39,6105976,Ottawa,2020-10-10,23.0,8.0,0.0,0.0
40,6105976,Ottawa,2020-10-11,11.0,2.0,0.0,0.0
41,6105976,Ottawa,2020-10-12,14.0,1.5,9.4,0.0
42,6105976,Ottawa,2020-10-13,13.0,7.5,4.8,0.0
43,6105976,Ottawa,2020-10-14,16.5,3.5,0.0,0.0
44,6105976,Ottawa,2020-10-15,17.5,7.5,9.4,0.0
45,6105976,Ottawa,2020-10-16,11.0,8.5,0.0,0.0
46,6105976,Ottawa,2020-10-17,14.5,-1.0,0.0,0.0
47,6105976,Ottawa,2020-10-18,14.0,3.5,0.4,0.0
48,6105976,Ottawa,2020-10-19,7.5,6.0,11.8,0.0
49,6105976,Ottawa,2020-10-20,9.0,4.0,6.8,0.0
50,6105976,Ottawa,2020-10-21,15.5,3.5,11.8,0.0
51,6105976,Ottawa,2020-10-22,12.0,3.0,0.0,0.0
52,6105976,Ottawa,2020-10-23,25.0,9.5,3.6,0.0
53,6105976,Ottawa,2020-10-24,8.0,4.0,0.0,0.0
54,6105976,Ottawa,2020-10-25,6.5,-1.0,0.0,0.0
55,6105976,Ottawa,2020-10-26,3.5,0.0,6.0,0.0
56,6105976,Ottawa,2020-10-27,3.5,-2.0,0.4,0.0
57,6105976,Ottawa,2020-10-28,9.5,-2.0,0.0,0.0
58,6105976,Ottawa,2020-10-29,6.0,4.5,0.0,0.0
59,6105976,Ottawa,2020-10-30,4.5,-4.5,0.0,0.0
60,6105976,Ottawa,2020-10-31,7.0,-5.0,0.0,0.0
61,6105976,Ottawa,2020-11-01,8.0,0.0,4.6,0.0
62,6105976,Ottawa,2020-11-02,1.0,-2.5,0.0,3.0
63,6105976,Ottawa,2020-11-03,0.0,-4.0,0.0,0.0
64,6105976,Ottawa,2020-11-04,12.0,-2.5,0.0,0.0
65,6105976,Ottawa,2020-11-05,19.5,-1.0,0.0,0.0
66,6105976,Ottawa,2020-11-06,18.5,6.0,0.0,0.0
67,6105976,Ottawa,2020-11-07,21.0,8.0,0.0,0.0
68,6105976,Ottawa,2020-11-08,22.0,5.0,0.0,0.0
69,6105976,Ottawa,2020-11-09,22.5,5.5,0.0,0.0
70,6105976,Ottawa,2020-11-10,23.0,6.0,0.0,0.0
71,6105976,Ottawa,2020-11-11,20.5,13.5,0.0,0.0
72,6105976,Ottawa,2020-11-12,8.5,2.0,0.0,0.0
73,6105976,Ottawa,2020-11-13,6.5,-2.5,0.0,0.0
74,6105976,Ottawa,2020-11-14,5.0,-1.0,0.0,0.0
75,6105976,Ottawa,2020-11-15,10.0,-5.0,2.4,0.0
76,6105976,Ottawa,2020-11-16,8.0,2.5,0.0,1.0
77,6105976,Ottawa,2020-11-17,2.5,-1.5,0.0,0.0
78,6105976,Ottawa,2020-11-18,-2.0,-8.5,0.0,0.0
79,6105976,Ottawa,2020-11-19,9.0,-8.0,0.0,0.0
80,6105976,Ottawa,2020-11-20,15.5,0.0,0.0,0.0
81,6105976,Ottawa,2020-11-21,5.0,2.0,0.0,0.0
82,6105976,Ottawa,2020-11-22,1.0,-6.0,0.0,14.0
83,6105976,Ottawa,2020-11-23,2.0,-2.0,1.4,0.0
84,6105976,Ottawa,2020-11-24,-2.5,-7.0,0.0,6.0
85,6105976,Ottawa,2020-11-25,1.5,-8.5,3.4,3.0
86,6105976,Ottawa,2020-11-26,3.5,-3.0,1.0,0.0
87,6105976,Ottawa,2020-11-27,5.0,0.5,0.0,0.0
88,6105976,Ottawa,2020-11-28,5.5,1.0,0.0,0.0
89,6105976,Ottawa,2020-11-29,8.0,0.0,0.0,0.0
90,6105976,Ottawa,2020-11-30,5.5,0.0,16.2,0.0
91,6105976,Ottawa,2020-12-01,6.0,3.0,3.4,2.0
92,6105976,Ottawa,2020-12-02,1.5,-2.0,0.0,1.0
93,6105976,Ottawa,2020-12-03,4.0,-6.0,1.6,0.0
94,6105976,Ottawa,2020-12-04,4.0,1.0,4.0,0.0
95,6105976,Ottawa,2020-12-05,1.0,-3.0,0.0,0.0
96,6105976,Ottawa,2020-12-06,-0.5,-5.5,0.0,0.0
97,6105976,Ottawa,2020-12-07,-2.0,-7.0,0.0,0.0
98,6105976,Ottawa,2020-12-08,-3.0,-9.0,0.0,4.0
99,6105976,Ottawa,2020-12-09,2.5,-8.0,1.4,0.0
100,6105976,Ottawa,2020-12-10,1.0,-0.5,0.0,0.0
101,6105976,Ottawa,2020-12-11,4.5,-1.0,0.0,0.0
102,6105976,Ottawa,2020-12-12,7.0,0.0,4.2,0.0
103,6105976,Ottawa,2020-12-13,6.0,-2.0,0.0,0.0
104,6105976,Ottawa,2020-12-14,-0.5,-4.5,0.0,2.0
105,6105976,Ottawa,2020-12-15,-10.0,-13.0,0.0,0.0
106,6105976,Ottawa,2020-12-16,-10.5,-18.0,0.0,0.0
107,6105976,Ottawa,2020-12-17,-5.0,-14.0,0.0,0.0
108,6105976,Ottawa,2020-12-18,-4.0,-13.5,0.0,0.0
109,6105976,Ottawa,2020-12-19,-3.0,-14.0,0.0,0.0
110,6105976,Ottawa,2020-12-20,2.0,-5.0,0.8,3.0
111,6105976,Ottawa,2020-12-21,4.0,-1.5,0.0,0.0
112,6105976,Ottawa,2020-12-22,2.0,-1.0,0.0,0.0
113,6105976,Ottawa,2020-12-23,1.0,-10.0,0.0,0.0
114,6105976,Ottawa,2020-12-24,9.0,-6.0,56.2,0.0
115,6105976,Ottawa,2020-12-25,5.0,2.5,2.8,2.0
116,6105976,Ottawa,2020-12-26,-6.0,-9.5,0.0,0.0
117,6105976,Ottawa,2020-12-27,-2.0,-10.0,2.0,2.0
118,6105976,Ottawa,2020-12-28,5.0,-5.0,0.0,0.0
119,6105976,Ottawa,2020-12-29,-6.0,-11.5,0.0,0.0
120,6105976,Ottawa,2020-12-30,4.0,-11.0,1.8,2.0
121,6105976,Ottawa,2020-12-31,1.0,-4.0,0.0,0.0
122,6155875,Durham,2020-09-01,26.3,17.7,,
123,6155875,Durham,2020-09-02,26.3,14.5,,
124,6155875,Durham,2020-09-03,25.3,12.9,,
125,6155875,Durham,2020-09-04,22.2,9.9,,
126,6155875,Durham,2020-09-05,21.5,7.1,,
127,6155875,Durham,2020-09-06,20.4,6.6,,
128,6155875,Durham,2020-09-07,22.2,14.8,,
129,6155875,Durham,2020-09-08,15.9,13.7,,
130,6155875,Durham,2020-09-09,18.4,14.0,,
131,6155875,Durham,2020-09-10,20.6,12.6,,
132,6155875,Durham,2020-09-11,16.6,7.3,,
133,6155875,Durham,2020-09-12,20.9,7.0,,
134,6155875,Durham,2020-09-13,25.6,13.9,,
135,6155875,Durham,2020-09-14,17.0,7.4,,
136,6155875,Durham,2020-09-15,,,,
137,6155875,Durham,2020-09-16,21.5,13.9,,
138,6155875,Durham,2020-09-17,19.4,7.7,,
139,6155875,Durham,2020-09-18,15.5,3.8,,
140,6155875,Durham,2020-09-19,13.7,0.2,,
141,6155875,Durham,2020-09-20,16.0,3.3,,
142,6155875,Durham,2020-09-21,18.0,2.5,,
143,6155875,Durham,2020-09-22,19.3,4.1,,
144,6155875,Durham,2020-09-23,25.4,7.0,,
145,6155875,Durham,2020-09-24,23.6,7.7,,
146,6155875,Durham,2020-09-25,22.8,12.3,,
147,6155875,Durham,2020-09-26,23.1,11.7,,
148,6155875,Durham,2020-09-27,24.3,15.5,,
149,6155875,Durham,2020-09-28,25.1,13.8,,
150,6155875,Durham,2020-09-29,18.1,12.2,,
151,6155875,Durham,2020-09-30,17.1,7.6,,
152,6155875,Durham,2020-10-01,16.8,7.3,,
153,6155875,Durham,2020-10-02,13.8,5.5,,
154,6155875,Durham,2020-10-03,12.8,2.1,,
155,6155875,Durham,2020-10-04,12.3,4.7,,
156,6155875,Durham,2020-10-05,15.0,6.7,,
157,6155875,Durham,2020-10-06,16.0,6.4,,
158,6155875,Durham,2020-10-07,17.1,7.4,,
159,6155875,Durham,2020-10-08,13.4,2.4,,
160,6155875,Durham,2020-10-09,15.8,0.3,,
161,6155875,Durham,2020-10-10,22.4,6.9,,
162,6155875,Durham,2020-10-11,12.5,3.8,,
163,6155875,Durham,2020-10-12,15.6,7.0,,
164,6155875,Durham,2020-10-13,17.6,6.6,,
165,6155875,Durham,2020-10-14,16.0,5.7,,
166,6155875,Durham,2020-10-15,15.6,8.5,,
167,6155875,Durham,2020-10-16,11.7,0.5,,
168,6155875,Durham,2020-10-17,12.2,-1.6,,
169,6155875,Durham,2020-10-18,13.3,7.2,,
170,6155875,Durham,2020-10-19,8.1,5.9,,
171,6155875,Durham,2020-10-20,11.2,5.4,,
172,6155875,Durham,2020-10-21,17.1,4.3,,
173,6155875,Durham,2020-10-22,12.5,6.3,,
174,6155875,Durham,2020-10-23,22.2,9.4,,
175,6155875,Durham,2020-10-24,9.3,-0.3,,
176,6155875,Durham,2020-10-25,6.7,0.6,,
177,6155875,Durham,2020-10-26,7.7,3.3,,
178,6155875,Durham,2020-10-27,5.5,0.7,,
179,6155875,Durham,2020-10-28,11.3,-1.1,,
180,6155875,Durham,2020-10-29,9.9,0.8,,
181,6155875,Durham,2020-10-30,4.2,-4.9,,
182,6155875,Durham,2020-10-31,7.0,-7.3,,
183,6155875,Durham,2020-11-01,11.2,0.0,,
184,6155875,Durham,2020-11-02,7.4,-3.5,,
185,6155875,Durham,2020-11-03,7.5,2.1,,
186,6155875,Durham,2020-11-04,15.7,-0.3,,
187,6155875,Durham,2020-11-05,16.6,5.3,,
188,6155875,Durham,2020-11-06,18.0,1.8,,
189,6155875,Durham,2020-11-07,18.0,2.3,,
190,6155875,Durham,2020-11-08,18.1,1.5,,
191,6155875,Durham,2020-11-09,19.0,4.4,,
192,6155875,Durham,2020-11-10,19.8,4.9,,
193,6155875,Durham,2020-11-11,18.8,3.7,,
194,6155875,Durham,2020-11-12,9.4,-1.6,,
195,6155875,Durham,2020-11-13,8.7,-0.2,,
196,6155875,Durham,2020-11-14,7.6,-2.1,,
197,6155875,Durham,2020-11-15,12.2,4.6,,
198,6155875,Durham,2020-11-16,4.9,2.2,,
199,6155875,Durham,2020-11-17,2.8,-6.1,,
200,6155875,Durham,2020-11-18,2.2,-6.3,,
201,6155875,Durham,2020-11-19,14.6,1.8,,
202,6155875,Durham,2020-11-20,15.2,5.5,,
203,6155875,Durham,2020-11-21,6.0,1.6,,
204,6155875,Durham,2020-11-22,1.8,-0.2,,
205,6155875,Durham,2020-11-23,3.1,-0.6,,
206,6155875,Durham,2020-11-24,,,,
207,6155875,Durham,2020-11-25,7.0,0.6,,
208,6155875,Durham,2020-11-26,10.6,6.2,,
209,6155875,Durham,2020-11-27,7.7,5.3,,
210,6155875,Durham,2020-11-28,7.1,1.9,,
211,6155875,Durham,2020-11-29,8.9,-4.1,,
212,6155875,Durham,2020-11-30,5.3,1.1,,
213,6155875,Durham,2020-12-01,1.1,-1.9,,
214,6155875,Durham,2020-12-02,3.3,-4.3,,
215,6155875,Durham,2020-12-03,4.9,-4.7,,
216,6155875,Durham,2020-12-04,3.1,-1.8,,
217,6155875,Durham,2020-12-05,1.2,-4.6,,
218,6155875,Durham,2020-12-06,-0.5,-5.5,,
219,6155875,Durham,2020-12-07,-2.4,-7.7,,
220,6155875,Durham,2020-12-08,2.0,-7.6,,
221,6155875,Durham,2020-12-09,3.0,-0.1,,
222,6155875,Durham,2020-12-10,4.4,-2.7,,
223,6155875,Durham,2020-12-11,7.5,-2.6,,
224,6155875,Durham,2020-12-12,8.3,2.9,,
225,6155875,Durham,2020-12-13,7.1,-0.6,,
226,6155875,Durham,2020-12-14,1.7,-3.2,,
227,6155875,Durham,2020-12-15,-2.7,-8.7,,
228,6155875,Durham,2020-12-16,-7.3,-11.0,,
229,6155875,Durham,2020-12-17,-3.2,-10.1,,
230,6155875,Durham,2020-12-18,-2.6,-11.9,,
231,6155875,Durham,2020-12-19,8.6,-8.9,,
232,6155875,Durham,2020-12-20,4.0,1.6,,
233,6155875,Durham,2020-12-21,3.6,-4.6,,
234,6155875,Durham,2020-12-22,3.4,-2.1,,
235,6155875,Durham,2020-12-23,6.6,-0.5,,
236,6155875,Durham,2020-12-24,8.8,-1.0,,
237,6155875,Durham,2020-12-25,-0.7,-4.7,,
238,6155875,Durham,2020-12-26,-2.2,-4.8,,
239,6155875,Durham,2020-12-27,2.3,-4.1,,
240,6155875,Durham,2020-12-28,4.8,-2.8,,
241,6155875,Durham,2020-12-29,-1.3,-7.4,,
242,6155875,Durham,2020-12-30,5.1,-5.4,,
243,6155875,Durham,2020-12-31,2.4,-4.8,,
244,6155750,Halton,2020-09-01,28.0,18.0,0.0,0.0
245,6155750,Halton,2020-09-02,29.0,20.0,5.0,0.0
246,6155750,Halton,2020-09-03,29.5,14.5,1.2,0.0
247,6155750,Halton,2020-09-04,24.0,13.0,0.0,0.0
248,6155750,Halton,2020-09-05,21.5,11.0,1.6,0.0
249,6155750,Halton,2020-09-06,22.5,9.0,9.0,0.0
250,6155750,Halton,2020-09-07,25.5,14.5,2.4,0.0
251,6155750,Halton,2020-09-08,17.5,15.5,0.0,0.0
252,6155750,Halton,2020-09-09,19.0,14.0,3.0,0.0
253,6155750,Halton,2020-09-10,22.0,14.0,0.0,0.0
254,6155750,Halton,2020-09-11,17.0,11.0,0.0,0.0
255,6155750,Halton,2020-09-12,21.0,12.0,1.0,0.0
256,6155750,Halton,2020-09-13,27.0,14.5,7.6,0.0
257,6155750,Halton,2020-09-14,18.5,11.0,0.0,0.0
258,6155750,Halton,2020-09-15,21.0,6.0,0.0,0.0
259,6155750,Halton,2020-09-16,25.5,8.0,0.0,0.0
260,6155750,Halton,2020-09-17,20.0,13.5,0.0,0.0
261,6155750,Halton,2020-09-18,17.0,10.0,0.0,0.0
262,6155750,Halton,2020-09-19,14.5,3.0,0.0,0.0
263,6155750,Halton,2020-09-20,18.0,7.0,0.0,0.0
264,6155750,Halton,2020-09-21,20.0,6.0,0.0,0.0
265,6155750,Halton,2020-09-22,23.0,7.0,0.0,0.0
266,6155750,Halton,2020-09-23,28.0,12.0,1.2,0.0
267,6155750,Halton,2020-09-24,25.0,13.0,3.1,0.0
268,6155750,Halton,2020-09-25,24.0,15.0,2.7,0.0
269,6155750,Halton,2020-09-26,27.0,13.0,0.0,0.0
270,6155750,Halton,2020-09-27,27.0,16.0,0.0,0.0
271,6155750,Halton,2020-09-28,26.0,17.0,12.0,0.0
272,6155750,Halton,2020-09-29,20.0,12.0,0.0,0.0
273,6155750,Halton,2020-09-30,19.5,11.0,11.0,0.0
274,6155750,Halton,2020-10-01,19.0,9.0,2.8,0.0
275,6155750,Halton,2020-10-02,15.0,7.5,3.0,0.0
276,6155750,Halton,2020-10-03,13.5,3.0,0.6,0.0
277,6155750,Halton,2020-10-04,11.5,7.0,5.8,0.0
278,6155750,Halton,2020-10-05,17.0,6.0,0.0,0.0
279,6155750,Halton,2020-10-06,20.0,8.0,2.6,0.0
280,6155750,Halton,2020-10-07,19.0,14.0,2.0,0.0
281,6155750,Halton,2020-10-08,16.5,5.0,0.8,0.0
282,6155750,Halton,2020-10-09,19.5,4.5,0.0,0.0
283,6155750,Halton,2020-10-10,23.0,8.5,0.6,0.0
284,6155750,Halton,2020-10-11,11.5,6.0,0.0,0.0
285,6155750,Halton,2020-10-12,15.5,7.0,4.6,0.0
286,6155750,Halton,2020-10-13,18.5,9.5,0.0,0.0
287,6155750,Halton,2020-10-14,18.5,7.0,1.0,0.0
288,6155750,Halton,2020-10-15,15.0,10.0,14.6,0.0
289,6155750,Halton,2020-10-16,15.0,1.0,14.5,0.0
290,6155750,Halton,2020-10-17,15.0,1.0,0.0,0.0
291,6155750,Halton,2020-10-18,14.5,7.0,3.0,0.0
292,6155750,Halton,2020-10-19,8.0,6.0,7.8,0.0
293,6155750,Halton,2020-10-20,15.0,5.5,4.4,0.0
294,6155750,Halton,2020-10-21,18.0,7.0,8.2,0.0
295,6155750,Halton,2020-10-22,14.0,7.0,0.4,0.0
296,6155750,Halton,2020-10-23,25.0,9.5,4.4,0.0
297,6155750,Halton,2020-10-24,8.5,4.0,0.0,0.0
298,6155750,Halton,2020-10-25,8.0,2.0,0.0,0.0
299,6155750,Halton,2020-10-26,10.0,2.0,0.0,0.0
300,6155750,Halton,2020-10-27,8.0,5.0,4.8,0.0
301,6155750,Halton,2020-10-28,12.5,1.5,0.0,0.0
302,6155750,Halton,2020-10-29,11.0,4.5,1.2,0.0
303,6155750,Halton,2020-10-30,3.5,1.0,0.0,0.0
304,6155750,Halton,2020-10-31,12.0,-4.5,0.0,0.0
305,6155750,Halton,2020-11-01,12.0,1.0,2.0,0.0
306,6155750,Halton,2020-11-02,7.5,-1.0,0.0,0.0
307,6155750,Halton,2020-11-03,14.0,1.5,0.0,0.0
308,6155750,Halton,2020-11-04,20.0,3.0,0.0,0.0
309,6155750,Halton,2020-11-05,20.0,11.0,0.0,0.0
310,6155750,Halton,2020-11-06,21.5,9.0,0.0,0.0
311,6155750,Halton,2020-11-07,22.0,9.5,0.0,0.0
312,6155750,Halton,2020-11-08,22.0,6.5,0.0,0.0
313,6155750,Halton,2020-11-09,20.0,9.0,0.0,0.0
314,6155750,Halton,2020-11-10,25.0,9.0,0.4,0.0
315,6155750,Halton,2020-11-11,19.0,16.0,0.0,0.0
316,6155750,Halton,2020-11-12,12.5,4.0,0.0,0.0
317,6155750,Halton,2020-11-13,10.5,3.5,0.0,0.0
318,6155750,Halton,2020-11-14,9.0,-0.5,5.6,0.0
319,6155750,Halton,2020-11-15,14.0,2.5,5.6,0.0
320,6155750,Halton,2020-11-16,5.0,3.5,0.0,0.0
321,6155750,Halton,2020-11-17,4.0,0.0,0.0,0.0
322,6155750,Halton,2020-11-18,8.0,-4.5,0.0,0.0
323,6155750,Halton,2020-11-19,15.5,-2.5,0.0,0.0
324,6155750,Halton,2020-11-20,15.5,7.0,0.0,0.0
325,6155750,Halton,2020-11-21,6.0,3.5,0.0,0.0
326,6155750,Halton,2020-11-22,1.5,-1.5,0.0,13.0
327,6155750,Halton,2020-11-23,3.5,-2.5,0.0,0.0
328,6155750,Halton,2020-11-24,4.5,-4.0,3.0,0.0
329,6155750,Halton,2020-11-25,8.0,-1.0,8.2,0.0
330,6155750,Halton,2020-11-26,12.0,4.0,0.4,0.0
331,6155750,Halton,2020-11-27,8.5,6.5,0.0,0.0
332,6155750,Halton,2020-11-28,8.0,2.5,0.0,0.0
333,6155750,Halton,2020-11-29,12.0,1.5,1.7,0.0
334,6155750,Halton,2020-11-30,6.0,4.0,0.0,4.0
335,6155750,Halton,2020-12-01,0.5,-2.0,0.0,10.0
336,6155750,Halton,2020-12-02,5.0,-2.0,0.0,0.0
337,6155750,Halton,2020-12-03,6.5,-1.5,0.6,0.4
338,6155750,Halton,2020-12-04,3.0,1.5,3.2,0.0
339,6155750,Halton,2020-12-05,2.0,0.5,0.0,0.0
340,6155750,Halton,2020-12-06,2.5,-4.0,0.0,0.0
341,6155750,Halton,2020-12-07,2.5,-7.0,0.0,0.0
342,6155750,Halton,2020-12-08,3.0,-7.0,0.0,0.0
343,6155750,Halton,2020-12-09,4.5,-2.0,0.0,0.0
344,6155750,Halton,2020-12-10,8.0,1.0,0.0,0.0
345,6155750,Halton,2020-12-11,10.0,-0.5,0.6,0.0
346,6155750,Halton,2020-12-12,9.0,2.5,10.6,0.0
347,6155750,Halton,2020-12-13,2.0,-0.5,0.0,0.0
348,6155750,Halton,2020-12-14,2.0,-0.5,0.0,0.0
349,6155750,Halton,2020-12-15,-0.5,-4.0,0.0,0.0
350,6155750,Halton,2020-12-16,-2.0,-7.0,0.0,2.0
351,6155750,Halton,2020-12-17,-3.5,-7.5,0.0,0.0
352,6155750,Halton,2020-12-18,2.0,-8.0,0.0,0.0
353,6155750,Halton,2020-12-19,3.5,-5.0,3.8,0.0
354,6155750,Halton,2020-12-20,5.0,1.0,0.0,0.0
355,6155750,Halton,2020-12-21,5.0,-2.0,0.6,0.0
356,6155750,Halton,2020-12-22,2.5,-1.0,0.0,0.0
357,6155750,Halton,2020-12-23,10.0,0.0,4.2,0.0
358,6155750,Halton,2020-12-24,10.5,1.0,0.0,8.6
359,6155750,Halton,2020-12-25,0.0,-2.5,0.0,2.4
360,6155750,Halton,2020-12-26,-1.5,-6.0,0.0,0.0
361,6155750,Halton,2020-12-27,5.0,-5.0,7.0,0.0
362,6155750,Halton,2020-12-28,3.0,-2.0,0.0,0.0
363,6155750,Halton,2020-12-29,1.0,-5.0,0.0,3.0
364,6155750,Halton,2020-12-30,5.5,-5.5,8.0,0.0
365,6155750,Halton,2020-12-31,2.0,-1.5,0.0,0.0
366,2400697,Peel,2020-09-01,3.3,-1.1,,
367,2400697,Peel,2020-09-02,4.1,0.4,,
368,2400697,Peel,2020-09-03,4.1,-0.9,,
369,2400697,Peel,2020-09-04,1.0,-1.9,,
370,2400697,Peel,2020-09-05,0.8,-2.6,,
371,2400697,Peel,2020-09-06,1.9,-2.4,,
372,2400697,Peel,2020-09-07,2.8,-2.2,,
373,2400697,Peel,2020-09-08,5.3,1.3,,
374,2400697,Peel,2020-09-09,3.5,-1.6,,
375,2400697,Peel,2020-09-10,5.3,-1.9,,
376,2400697,Peel,2020-09-11,5.0,-1.6,,
377,2400697,Peel,2020-09-12,3.2,-4.2,,
378,2400697,Peel,2020-09-13,-0.2,-4.4,,
379,2400697,Peel,2020-09-14,-1.2,-7.7,,
380,2400697,Peel,2020-09-15,-2.9,-6.8,,
381,2400697,Peel,2020-09-16,0.5,-4.9,,
382,2400697,Peel,2020-09-17,1.4,-5.7,,
383,2400697,Peel,2020-09-18,-1.7,-6.2,,
384,2400697,Peel,2020-09-19,-0.2,-4.2,,
385,2400697,Peel,2020-09-20,0.7,-0.7,,
386,2400697,Peel,2020-09-21,4.0,-1.8,,
387,2400697,Peel,2020-09-22,0.8,-1.3,,
388,2400697,Peel,2020-09-23,1.1,-0.9,,
389,2400697,Peel,2020-09-24,1.4,-1.4,,
390,2400697,Peel,2020-09-25,1.4,-1.3,,
391,2400697,Peel,2020-09-26,1.2,0.0,,
392,2400697,Peel,2020-09-27,3.1,0.2,,
393,2400697,Peel,2020-09-28,3.6,-0.3,,
394,2400697,Peel,2020-09-29,1.8,-1.6,,
395,2400697,Peel,2020-09-30,1.7,-0.6,,
396,2400697,Peel,2020-10-01,1.1,-0.9,,
397,2400697,Peel,2020-10-02,0.7,-3.1,,
398,2400697,Peel,2020-10-03,0.2,-4.8,,
399,2400697,Peel,2020-10-04,-2.8,-4.4,,
400,2400697,Peel,2020-10-05,-2.0,-5.4,,
401,2400697,Peel,2020-10-06,-2.9,-8.0,,
402,2400697,Peel,2020-10-07,-4.3,-6.2,,
403,2400697,Peel,2020-10-08,-5.5,-8.4,,
404,2400697,Peel,2020-10-09,-5.8,-11.4,,
405,2400697,Peel,2020-10-10,-2.5,-6.5,,
406,2400697,Peel,2020-10-11,-1.4,-3.9,,
407,2400697,Peel,2020-10-12,-2.0,-4.6,,
408,2400697,Peel,2020-10-13,-4.2,-4.8,,
409,2400697,Peel,2020-10-14,-0.7,-4.4,,
410,2400697,Peel,2020-10-15,-1.3,-4.7,,
411,2400697,Peel,2020-10-16,-2.3,-4.9,,
412,2400697,Peel,2020-10-17,-3.8,-8.9,,
413,2400697,Peel,2020-10-18,-6.2,-7.7,,
414,2400697,Peel,2020-10-19,-6.4,-9.6,,
415,2400697,Peel,2020-10-20,-4.9,-9.5,,
416,2400697,Peel,2020-10-21,-5.4,-14.2,,
417,2400697,Peel,2020-10-22,-4.8,-10.4,,
418,2400697,Peel,2020-10-23,-4.7,-9.1,,
419,2400697,Peel,2020-10-24,-6.6,-13.4,,
420,2400697,Peel,2020-10-25,-3.7,-13.0,,
421,2400697,Peel,2020-10-26,-9.4,-15.5,,
422,2400697,Peel,2020-10-27,-13.5,-20.3,,
423,2400697,Peel,2020-10-28,-9.9,-18.4,,
424,2400697,Peel,2020-10-29,-12.1,-21.3,,
425,2400697,Peel,2020-10-30,-14.7,-21.8,,
426,2400697,Peel,2020-10-31,,,,
427,2400697,Peel,2020-11-01,,,,
428,2400697,Peel,2020-11-02,,,,
429,2400697,Peel,2020-11-03,,,,
430,2400697,Peel,2020-11-04,,,,
431,2400697,Peel,2020-11-05,,,,
432,2400697,Peel,2020-11-06,,,,
433,2400697,Peel,2020-11-07,,,,
434,2400697,Peel,2020-11-08,,,,
435,2400697,Peel,2020-11-09,,,,
436,2400697,Peel,2020-11-10,,,,
437,2400697,Peel,2020-11-11,,,,
438,2400697,Peel,2020-11-12,,,,
439,2400697,Peel,2020-11-13,,,,
440,2400697,Peel,2020-11-14,,,,
441,2400697,Peel,2020-11-15,,,,
442,2400697,Peel,2020-11-16,,,,
443,2400697,Peel,2020-11-17,,,,
444,2400697,Peel,2020-11-18,,,,
445,2400697,Peel,2020-11-19,,,,
446,2400697,Peel,2020-11-20,,,,
447,2400697,Peel,2020-11-21,,,,
448,2400697,Peel,2020-11-22,,,,
449,2400697,Peel,2020-11-23,,,,
450,2400697,Peel,2020-11-24,,,,
451,2400697,Peel,2020-11-25,,,,
452,2400697,Peel,2020-11-26,,,,
453,2400697,Peel,2020-11-27,,,,
454,2400697,Peel,2020-11-28,,,,
455,2400697,Peel,2020-11-29,,,,
456,2400697,Peel,2020-11-30,,,,
457,2400697,Peel,2020-12-01,,,,
458,2400697,Peel,2020-12-02,,,,
459,2400697,Peel,2020-12-03,,,,
460,2400697,Peel,2020-12-04,,,,
461,2400697,Peel,2020-12-05,,,,
462,2400697,Peel,2020-12-06,,,,
463,2400697,Peel,2020-12-07,,,,
464,2400697,Peel,2020-12-08,,,,
465,2400697,Peel,2020-12-09,,,,
466,2400697,Peel,2020-12-10,,,,
467,2400697,Peel,2020-12-11,,,,
468,2400697,Peel,2020-12-12,,,,
469,2400697,Peel,2020-12-13,,,,
470,2400697,Peel,2020-12-14,,,,
471,2400697,Peel,2020-12-15,,,,
472,2400697,Peel,2020-12-16,,,,
473,2400697,Peel,2020-12-17,,,,
474,2400697,Peel,2020-12-18,,,,
475,2400697,Peel,2020-12-19,,,,
476,2400697,Peel,2020-12-20,,,,
477,2400697,Peel,2020-12-21,,,,
478,2400697,Peel,2020-12-22,,,,
479,2400697,Peel,2020-12-23,,,,
480,2400697,Peel,2020-12-24,,,,
481,2400697,Peel,2020-12-25,,,,
482,2400697,Peel,2020-12-26,,,,
483,2400697,Peel,2020-12-27,,,,
484,2400697,Peel,2020-12-28,,,,
485,2400697,Peel,2020-12-29,,,,
486,2400697,Peel,2020-12-30,,,,
487,2400697,Peel,2020-12-31,,,,
488,4019073,York,2020-09-01,19.6,5.9,,
489,4019073,York,2020-09-02,12.4,7.0,,
490,4019073,York,2020-09-03,17.8,5.2,,
491,4019073,York,2020-09-04,20.2,5.8,,
492,4019073,York,2020-09-05,25.0,6.4,,
493,4019073,York,2020-09-06,16.0,3.6,,
494,4019073,York,2020-09-07,6.7,0.0,,
495,4019073,York,2020-09-08,10.9,-2.6,,
496,4019073,York,2020-09-09,19.9,5.7,,
497,4019073,York,2020-09-10,22.6,3.3,,
498,4019073,York,2020-09-11,25.2,8.4,,
499,4019073,York,2020-09-12,16.1,6.5,,
500,4019073,York,2020-09-13,13.1,-0.1,,
501,4019073,York,2020-09-14,14.1,2.6,,
502,4019073,York,2020-09-15,15.3,3.8,,
503,4019073,York,2020-09-16,11.5,0.0,,
504,4019073,York,2020-09-17,5.3,-2.6,,
505,4019073,York,2020-09-18,17.7,2.2,,
506,4019073,York,2020-09-19,24.9,4.5,,
507,4019073,York,2020-09-20,22.7,11.4,,
508,4019073,York,2020-09-21,21.9,8.7,,
509,4019073,York,2020-09-22,24.8,8.0,,
510,4019073,York,2020-09-23,15.5,6.9,,
511,4019073,York,2020-09-24,23.0,6.0,,
512,4019073,York,2020-09-25,22.8,7.2,,
513,4019073,York,2020-09-26,16.3,9.5,,
514,4019073,York,2020-09-27,12.6,8.0,,
515,4019073,York,2020-09-28,15.0,4.2,,
516,4019073,York,2020-09-29,18.7,6.5,,
517,4019073,York,2020-09-30,9.8,3.5,,
518,4019073,York,2020-10-01,7.8,-1.0,,
519,4019073,York,2020-10-02,10.4,1.8,,
520,4019073,York,2020-10-03,10.2,-3.3,,
521,4019073,York,2020-10-04,19.3,2.8,,
522,4019073,York,2020-10-05,16.8,9.8,,
523,4019073,York,2020-10-06,16.7,4.2,,
524,4019073,York,2020-10-07,13.0,1.4,,
525,4019073,York,2020-10-08,19.0,0.4,,
526,4019073,York,2020-10-09,10.7,-0.1,,
527,4019073,York,2020-10-10,16.9,-1.6,,
528,4019073,York,2020-10-11,13.4,4.2,,
529,4019073,York,2020-10-12,11.9,-0.7,,
530,4019073,York,2020-10-13,10.7,0.3,,
531,4019073,York,2020-10-14,5.1,-6.6,,
532,4019073,York,2020-10-15,2.6,-7.8,,
533,4019073,York,2020-10-16,2.3,-10.0,,
534,4019073,York,2020-10-17,-2.6,-12.0,,
535,4019073,York,2020-10-18,-3.1,-6.5,,
536,4019073,York,2020-10-19,0.3,-7.4,,
537,4019073,York,2020-10-20,-2.3,-10.4,,
538,4019073,York,2020-10-21,-0.3,-10.8,,
539,4019073,York,2020-10-22,-1.7,-13.8,,
540,4019073,York,2020-10-23,-3.8,-12.7,,
541,4019073,York,2020-10-24,-4.5,-7.6,,
542,4019073,York,2020-10-25,-2.8,-10.3,,
543,4019073,York,2020-10-26,-3.0,-13.5,,
544,4019073,York,2020-10-27,5.7,-8.3,,
545,4019073,York,2020-10-28,3.2,-3.9,,
546,4019073,York,2020-10-29,0.3,-4.7,,
547,4019073,York,2020-10-30,6.1,-2.8,,
548,4019073,York,2020-10-31,7.4,-8.2,,
549,4019073,York,2020-11-01,8.8,-10.6,,
550,4019073,York,2020-11-02,18.4,0.8,,
551,4019073,York,2020-11-03,17.5,-0.4,,
552,4019073,York,2020-11-04,14.4,-2.2,,
553,4019073,York,2020-11-05,20.5,-2.2,,
554,4019073,York,2020-11-06,0.6,-5.9,,
555,4019073,York,2020-11-07,1.7,-5.3,,
556,4019073,York,2020-11-08,-1.9,-8.7,,
557,4019073,York,2020-11-09,-8.3,-18.4,,
558,4019073,York,2020-11-10,-8.3,-19.6,,
559,4019073,York,2020-11-11,-9.2,-13.5,,
560,4019073,York,2020-11-12,-13.4,-20.0,,
561,4019073,York,2020-11-13,-1.2,-16.1,,
562,4019073,York,2020-11-14,0.1,-8.8,,
563,4019073,York,2020-11-15,-5.2,-9.1,,
564,4019073,York,2020-11-16,-6.6,-15.5,,
565,4019073,York,2020-11-17,-5.5,-9.1,,
566,4019073,York,2020-11-18,6.3,-5.8,,
567,4019073,York,2020-11-19,-3.9,-11.1,,
568,4019073,York,2020-11-20,-10.1,-15.6,,
569,4019073,York,2020-11-21,-4.1,-16.5,,
570,4019073,York,2020-11-22,,,,
571,4019073,York,2020-11-23,-5.2,-12.1,,
572,4019073,York,2020-11-24,-5.4,-10.6,,
573,4019073,York,2020-11-25,3.6,-8.5,,
574,4019073,York,2020-11-26,-1.1,-12.5,,
575,4019073,York,2020-11-27,2.8,-11.5,,
576,4019073,York,2020-11-28,-0.4,-9.1,,
577,4019073,York,2020-11-29,-3.4,-13.3,,
578,4019073,York,2020-11-30,1.3,-10.6,,
579,4019073,York,2020-12-01,2.8,-6.2,,
580,4019073,York,2020-12-02,1.1,-8.6,,
581,4019073,York,2020-12-03,3.5,-8.7,,
582,4019073,York,2020-12-04,2.8,-9.0,,
583,4019073,York,2020-12-05,5.2,-5.2,,
584,4019073,York,2020-12-06,4.8,-7.0,,
585,4019073,York,2020-12-07,2.8,-8.3,,
586,4019073,York,2020-12-08,4.7,-2.5,,
587,4019073,York,2020-12-09,2.2,-4.5,,
588,4019073,York,2020-12-10,-1.8,-9.3,,
589,4019073,York,2020-12-11,-5.9,-11.9,,
590,4019073,York,2020-12-12,-4.4,-7.0,,
591,4019073,York,2020-12-13,-5.2,-26.7,,
592,4019073,York,2020-12-14,-15.8,-28.7,,
593,4019073,York,2020-12-15,-9.4,-15.9,,
594,4019073,York,2020-12-16,-6.3,-15.5,,
595,4019073,York,2020-12-17,2.2,-18.0,,
596,4019073,York,2020-12-18,-1.3,-19.4,,
597,4019073,York,2020-12-19,3.5,-17.1,,
598,4019073,York,2020-12-20,-2.4,-12.2,,
599,4019073,York,2020-12-21,-3.1,-12.0,,
600,4019073,York,2020-12-22,-7.8,-20.1,,
601,4019073,York,2020-12-23,-17.9,-24.0,,
602,4019073,York,2020-12-24,-5.2,-18.0,,
603,4019073,York,2020-12-25,-1.3,-13.1,,
604,4019073,York,2020-12-26,-7.6,-14.6,,
605,4019073,York,2020-12-27,-7.1,-16.9,,
606,4019073,York,2020-12-28,-7.2,-19.2,,
607,4019073,York,2020-12-29,-6.1,-10.2,,
608,4019073,York,2020-12-30,-8.1,-14.1,,
609,4019073,York,2020-12-31,-13.8,-21.3,,
610,6158355,Toronto,2020-09-01,28.2,20.1,,
611,6158355,Toronto,2020-09-02,27.7,19.0,,
612,6158355,Toronto,2020-09-03,27.4,15.6,,
613,6158355,Toronto,2020-09-04,23.9,14.5,,
614,6158355,Toronto,2020-09-05,22.0,12.9,,
615,6158355,Toronto,2020-09-06,22.1,11.6,,
616,6158355,Toronto,2020-09-07,24.3,16.5,,
617,6158355,Toronto,2020-09-08,17.2,15.0,,
618,6158355,Toronto,2020-09-09,19.2,14.5,,
619,6158355,Toronto,2020-09-10,20.7,14.1,,
620,6158355,Toronto,2020-09-11,16.5,11.9,,
621,6158355,Toronto,2020-09-12,21.0,12.0,,
622,6158355,Toronto,2020-09-13,26.1,15.8,,
623,6158355,Toronto,2020-09-14,17.8,9.6,,
624,6158355,Toronto,2020-09-15,18.7,9.3,,
625,6158355,Toronto,2020-09-16,23.0,14.4,,
626,6158355,Toronto,2020-09-17,19.4,10.4,,
627,6158355,Toronto,2020-09-18,16.1,7.7,,
628,6158355,Toronto,2020-09-19,14.4,6.5,,
629,6158355,Toronto,2020-09-20,16.7,9.3,,
630,6158355,Toronto,2020-09-21,18.9,9.1,,
631,6158355,Toronto,2020-09-22,20.7,9.5,,
632,6158355,Toronto,2020-09-23,27.1,12.5,,
633,6158355,Toronto,2020-09-24,24.3,14.0,,
634,6158355,Toronto,2020-09-25,23.1,15.9,,
635,6158355,Toronto,2020-09-26,24.6,14.1,,
636,6158355,Toronto,2020-09-27,24.7,19.4,,
637,6158355,Toronto,2020-09-28,26.0,15.4,,
638,6158355,Toronto,2020-09-29,18.6,13.3,,
639,6158355,Toronto,2020-09-30,18.8,11.2,,
640,6158355,Toronto,2020-10-01,17.8,9.5,,
641,6158355,Toronto,2020-10-02,14.9,6.8,,
642,6158355,Toronto,2020-10-03,12.8,4.9,,
643,6158355,Toronto,2020-10-04,11.9,7.7,,
644,6158355,Toronto,2020-10-05,15.2,8.1,,
645,6158355,Toronto,2020-10-06,17.2,8.6,,
646,6158355,Toronto,2020-10-07,18.7,10.0,,
647,6158355,Toronto,2020-10-08,13.3,6.9,,
648,6158355,Toronto,2020-10-09,16.5,6.0,,
649,6158355,Toronto,2020-10-10,22.4,10.0,,
650,6158355,Toronto,2020-10-11,10.9,6.8,,
651,6158355,Toronto,2020-10-12,16.0,8.3,,
652,6158355,Toronto,2020-10-13,17.9,11.0,,
653,6158355,Toronto,2020-10-14,16.2,8.4,,
654,6158355,Toronto,2020-10-15,16.1,9.1,,
655,6158355,Toronto,2020-10-16,11.9,5.4,,
656,6158355,Toronto,2020-10-17,13.8,5.3,,
657,6158355,Toronto,2020-10-18,14.1,7.0,,
658,6158355,Toronto,2020-10-19,8.4,6.7,,
659,6158355,Toronto,2020-10-20,11.3,6.4,,
660,6158355,Toronto,2020-10-21,17.4,8.9,,
661,6158355,Toronto,2020-10-22,12.5,8.8,,
662,6158355,Toronto,2020-10-23,22.8,9.3,,
663,6158355,Toronto,2020-10-24,9.3,3.8,,
664,6158355,Toronto,2020-10-25,7.3,3.1,,
665,6158355,Toronto,2020-10-26,8.6,3.9,,
666,6158355,Toronto,2020-10-27,,,,
667,6158355,Toronto,2020-10-28,,,,
668,6158355,Toronto,2020-10-29,10.7,2.9,,
669,6158355,Toronto,2020-10-30,3.3,-1.9,,
670,6158355,Toronto,2020-10-31,8.6,-2.8,,
671,6158355,Toronto,2020-11-01,12.0,0.5,,
672,6158355,Toronto,2020-11-02,7.7,-1.1,,
673,6158355,Toronto,2020-11-03,7.7,4.6,,
674,6158355,Toronto,2020-11-04,16.8,5.2,,
675,6158355,Toronto,2020-11-05,17.0,10.7,,
676,6158355,Toronto,2020-11-06,18.2,9.6,,
677,6158355,Toronto,2020-11-07,19.3,10.5,,
678,6158355,Toronto,2020-11-08,19.1,8.5,,
679,6158355,Toronto,2020-11-09,20.0,10.0,,
680,6158355,Toronto,2020-11-10,21.6,10.3,,
681,6158355,Toronto,2020-11-11,18.3,6.6,,
682,6158355,Toronto,2020-11-12,9.4,5.1,,
683,6158355,Toronto,2020-11-13,9.6,5.0,,
684,6158355,Toronto,2020-11-14,8.1,2.9,,
685,6158355,Toronto,2020-11-15,12.9,4.1,,
686,6158355,Toronto,2020-11-16,5.0,3.0,,
687,6158355,Toronto,2020-11-17,4.1,-4.6,,
688,6158355,Toronto,2020-11-18,3.8,-4.8,,
689,6158355,Toronto,2020-11-19,15.1,3.4,,
690,6158355,Toronto,2020-11-20,17.2,7.2,,
691,6158355,Toronto,2020-11-21,7.4,1.6,,
692,6158355,Toronto,2020-11-22,3.0,0.4,,
693,6158355,Toronto,2020-11-23,4.3,-0.4,,
694,6158355,Toronto,2020-11-24,3.0,-0.7,,
695,6158355,Toronto,2020-11-25,8.3,1.8,,
696,6158355,Toronto,2020-11-26,11.8,6.9,,
697,6158355,Toronto,2020-11-27,8.2,6.3,,
698,6158355,Toronto,2020-11-28,7.6,3.7,,
699,6158355,Toronto,2020-11-29,10.1,3.1,,
700,6158355,Toronto,2020-11-30,7.2,0.0,,
701,6158355,Toronto,2020-12-01,0.4,-1.9,,
702,6158355,Toronto,2020-12-02,4.8,-0.8,,
703,6158355,Toronto,2020-12-03,5.7,0.8,,
704,6158355,Toronto,2020-12-04,4.7,1.4,,
705,6158355,Toronto,2020-12-05,2.5,-3.4,,
706,6158355,Toronto,2020-12-06,1.1,-4.5,,
707,6158355,Toronto,2020-12-07,1.1,-4.9,,
708,6158355,Toronto,2020-12-08,2.5,-5.2,,
709,6158355,Toronto,2020-12-09,4.7,0.4,,
710,6158355,Toronto,2020-12-10,6.2,2.5,,
711,6158355,Toronto,2020-12-11,9.5,2.9,,
712,6158355,Toronto,2020-12-12,9.4,3.9,,
713,6158355,Toronto,2020-12-13,7.2,0.4,,
714,6158355,Toronto,2020-12-14,2.5,-1.8,,
715,6158355,Toronto,2020-12-15,-1.7,-6.9,,
716,6158355,Toronto,2020-12-16,-4.8,-7.1,,
717,6158355,Toronto,2020-12-17,-2.9,-7.2,,
718,6158355,Toronto,2020-12-18,0.4,-7.0,,
719,6158355,Toronto,2020-12-19,3.0,0.3,,
720,6158355,Toronto,2020-12-20,5.3,1.5,,
721,6158355,Toronto,2020-12-21,4.6,0.2,,
722,6158355,Toronto,2020-12-22,4.1,0.5,,
723,6158355,Toronto,2020-12-23,8.2,1.7,,
724,6158355,Toronto,2020-12-24,9.5,-2.2,,
725,6158355,Toronto,2020-12-25,0.2,-4.7,,
726,6158355,Toronto,2020-12-26,-1.4,-4.6,,
727,6158355,Toronto,2020-12-27,4.7,-2.6,,
728,6158355,Toronto,2020-12-28,5.2,-1.9,,
729,6158355,Toronto,2020-12-29,-0.5,-4.0,,
730,6158355,Toronto,2020-12-30,5.6,-2.3,,
731,6158355,Toronto,2020-12-31,2.5,-1.0,,
